#
# There is insufficient memory for the Java Runtime Environment to continue.
# Native memory allocation (malloc) failed to allocate 1233048 bytes. Error detail: Chunk::new
# Possible reasons:
#   The system is out of physical RAM or swap space
#   This process is running with CompressedOops enabled, and the Java Heap may be blocking the growth of the native heap
# Possible solutions:
#   Reduce memory load on the system
#   Increase physical memory or swap space
#   Check if swap backing store is full
#   Decrease Java heap size (-Xmx/-Xms)
#   Decrease number of Java threads
#   Decrease Java thread stack sizes (-Xss)
#   Set larger code cache with -XX:ReservedCodeCacheSize=
#   JVM is running with Unscaled Compressed Oops mode in which the Java heap is
#     placed in the first 4GB address space. The Java Heap base address is the
#     maximum limit for the native heap growth. Please use -XX:HeapBaseMinAddress
#     to set the Java Heap base and to place the Java Heap above 4GB virtual address.
# This output file may be truncated or incomplete.
#
#  Out of Memory Error (arena.cpp:186), pid=53392, tid=22336
#
# JRE version: Java(TM) SE Runtime Environment (25.0.1+8) (build 25.0.1+8-LTS-27)
# Java VM: Java HotSpot(TM) 64-Bit Server VM (25.0.1+8-LTS-27, mixed mode, sharing, tiered, compressed oops, compressed class ptrs, g1 gc, windows-amd64)
# No core dump will be written. Minidumps are not enabled by default on client versions of Windows
#

---------------  S U M M A R Y ------------

Command Line: -Xmx1g -XX:+IgnoreUnrecognizedVMOptions --add-modules=jdk.incubator.vector --add-opens=java.base/java.lang=ALL-UNNAMED --add-opens=java.base/java.lang.invoke=ALL-UNNAMED --add-opens=java.base/java.lang.reflect=ALL-UNNAMED --add-opens=java.base/java.io=ALL-UNNAMED --add-opens=java.base/java.net=ALL-UNNAMED --add-opens=java.base/java.nio=ALL-UNNAMED --add-opens=java.base/java.util=ALL-UNNAMED --add-opens=java.base/java.util.concurrent=ALL-UNNAMED --add-opens=java.base/java.util.concurrent.atomic=ALL-UNNAMED --add-opens=java.base/jdk.internal.ref=ALL-UNNAMED --add-opens=java.base/sun.nio.ch=ALL-UNNAMED --add-opens=java.base/sun.nio.cs=ALL-UNNAMED --add-opens=java.base/sun.security.action=ALL-UNNAMED --add-opens=java.base/sun.util.calendar=ALL-UNNAMED --add-opens=java.security.jgss/sun.security.krb5=ALL-UNNAMED -Dio.netty.tryReflectionSetAccessible=true -Dio.netty.allocator.type=pooled -Dio.netty.handler.ssl.defaultEndpointVerificationAlgorithm=NONE --sun-misc-unsafe-memory-access=allow --enable-native-access=ALL-UNNAMED -Dderby.connection.requireAuthentication=false org.apache.spark.deploy.SparkSubmit --conf spark.master=local[2] --conf spark.hadoop.io.native.lib.available=false --conf spark.app.name=StreamRec-Recommender --conf spark.driver.bindAddress=127.0.0.1 --conf spark.driver.host=127.0.0.1 --conf spark.ui.enabled=false pyspark-shell

Host: 11th Gen Intel(R) Core(TM) i5-1135G7 @ 2.40GHz, 8 cores, 7G,  Windows 11 , 64 bit Build 26100 (10.0.26100.9168)
Time: Wed Aug 19 13:40:19 2026 India Standard Time elapsed time: 146.100051 seconds (0d 0h 2m 26s)

---------------  T H R E A D  ---------------

Current thread (0x000002544adc3550):  JavaThread "C2 CompilerThread0" daemon [_thread_in_native, id=22336, stack(0x000000cb3b300000,0x000000cb3b400000) (1024K)]


Current CompileTask:
C2:146100 27652       4       java.util.HashMap::computeIfAbsent (330 bytes)

Stack: [0x000000cb3b300000,0x000000cb3b400000]
Native frames: (J=compiled Java code, j=interpreted, Vv=VM code, C=native code)
V  [jvm.dll+0x7a6b59]  (no source info available)
V  [jvm.dll+0x77290d]  (no source info available)
V  [jvm.dll+0x966153]  (no source info available)
V  [jvm.dll+0x968751]  (no source info available)
V  [jvm.dll+0x968e53]  (no source info available)
V  [jvm.dll+0x2fc756]  (no source info available)
V  [jvm.dll+0x111b26]  (no source info available)
V  [jvm.dll+0x111e4e]  (no source info available)
V  [jvm.dll+0x1a0a22]  (no source info available)
V  [jvm.dll+0x3b53c2]  (no source info available)
V  [jvm.dll+0x7ac4ef]  (no source info available)
V  [jvm.dll+0x2c0ac7]  (no source info available)
V  [jvm.dll+0x2bfa8f]  (no source info available)
V  [jvm.dll+0x237b60]  (no source info available)
V  [jvm.dll+0x2cfb56]  (no source info available)
V  [jvm.dll+0x2cddd5]  (no source info available)
V  [jvm.dll+0x48e6d1]  (no source info available)
V  [jvm.dll+0x906a0d]  (no source info available)
V  [jvm.dll+0x7a5135]  (no source info available)
C  [ucrtbase.dll+0x2cd30]  (no source info available)
C  [KERNEL32.DLL+0x2ccb7]  (no source info available)
C  [ntdll.dll+0xaad6c]  (no source info available)

Lock stack of current Java thread (top to bottom):


---------------  P R O C E S S  ---------------

Threads class SMR info:
_java_thread_list=0x0000025454d73d30, length=99, elements={
0x000002542d05e560, 0x000002544adb4fb0, 0x000002544adb5a10, 0x000002544adb6e60,
0x000002544adb8ed0, 0x000002544adb9a90, 0x000002544adc2660, 0x000002544adc3550,
0x000002544adc4160, 0x000002544f1c2bf0, 0x000002544f12ae80, 0x0000025451470930,
0x0000025451480a00, 0x00000254526c6570, 0x0000025454458260, 0x0000025451c9a5e0,
0x00000254506935c0, 0x000002545253ae20, 0x0000025452539e80, 0x00000254520ea840,
0x00000254515700c0, 0x0000025451575e80, 0x00000254504d4970, 0x00000254531609e0,
0x000002545103d6a0, 0x000002545103de70, 0x000002545103a7c0, 0x000002545103af90,
0x000002545103f5e0, 0x000002545103e640, 0x000002545103bf30, 0x0000025451041520,
0x0000025451041cf0, 0x0000025451045b70, 0x0000025451048a50, 0x00000254545b7b70,
0x00000254545b8b10, 0x00000254545bb220, 0x000002545b0ac750, 0x000002545a90ca90,
0x000002545bb88e80, 0x000002545bb857d0, 0x000002545b0a2340, 0x000002544fea8260,
0x000002544fea72c0, 0x000002544fea7a90, 0x0000025454b594c0, 0x0000025454b5a460,
0x000002545b0aa040, 0x000002545b0a7160, 0x000002545b0a8100, 0x00000254548404a0,
0x000002545a38c090, 0x000002545a1b9f70, 0x0000025454e4f0d0, 0x0000025454e4c830,
0x0000025454e4c060, 0x0000025454e51010, 0x0000025454e4d7d0, 0x0000025454e4dfa0,
0x0000025454e4f8a0, 0x0000025451b26f70, 0x0000025453e22820, 0x000002545afa61b0,
0x000002545afa5210, 0x000002545b234930, 0x000002545afa7150, 0x00000254511ccb10,
0x00000254511cb3a0, 0x00000254511c9c30, 0x0000025452b4edd0, 0x000002545af0f610,
0x000002545af0e670, 0x000002545b0a90a0, 0x000002545b0acf20, 0x000002545afa4270,
0x000002545b0b1570, 0x000002545af0ee40, 0x000002545b5ed590, 0x000002545b5f0470,
0x000002545b237040, 0x000002545b235100, 0x000002545b5edd60, 0x000002545af11550,
0x000002545af105b0, 0x000002545af0dea0, 0x0000025452e65d60, 0x0000025452e645f0,
0x000002545b236870, 0x000002545a6ade00, 0x0000025451b27740, 0x0000025451b286e0,
0x00000254511ca400, 0x000002545bb86f40, 0x000002545b5a8440, 0x000002545aa19d10,
0x000002545aa1a4e0, 0x000002545a6ace60, 0x000002545a6ab6f0
}

Java Threads: ( => current thread )
  0x000002542d05e560 JavaThread "main"                              [_thread_in_native, id=56824, stack(0x000000cb3a500000,0x000000cb3a600000) (1024K)]
  0x000002544adb4fb0 JavaThread "Reference Handler"          daemon [_thread_blocked, id=59228, stack(0x000000cb3ad00000,0x000000cb3ae00000) (1024K)]
  0x000002544adb5a10 JavaThread "Finalizer"                  daemon [_thread_blocked, id=43892, stack(0x000000cb3ae00000,0x000000cb3af00000) (1024K)]
  0x000002544adb6e60 JavaThread "Signal Dispatcher"          daemon [_thread_blocked, id=64804, stack(0x000000cb3af00000,0x000000cb3b000000) (1024K)]
  0x000002544adb8ed0 JavaThread "Attach Listener"            daemon [_thread_blocked, id=64484, stack(0x000000cb3b000000,0x000000cb3b100000) (1024K)]
  0x000002544adb9a90 JavaThread "Service Thread"             daemon [_thread_blocked, id=45332, stack(0x000000cb3b100000,0x000000cb3b200000) (1024K)]
  0x000002544adc2660 JavaThread "Monitor Deflation Thread"   daemon [_thread_blocked, id=30224, stack(0x000000cb3b200000,0x000000cb3b300000) (1024K)]
=>0x000002544adc3550 JavaThread "C2 CompilerThread0"         daemon [_thread_in_native, id=22336, stack(0x000000cb3b300000,0x000000cb3b400000) (1024K)]
  0x000002544adc4160 JavaThread "C1 CompilerThread0"         daemon [_thread_blocked, id=43884, stack(0x000000cb3b400000,0x000000cb3b500000) (1024K)]
  0x000002544f1c2bf0 JavaThread "Notification Thread"        daemon [_thread_blocked, id=29960, stack(0x000000cb3b600000,0x000000cb3b700000) (1024K)]
  0x000002544f12ae80 JavaThread "Common-Cleaner"             daemon [_thread_blocked, id=59124, stack(0x000000cb3b700000,0x000000cb3b800000) (1024K)]
  0x0000025451470930 JavaThread "Thread-1"                          [_thread_in_native, id=20448, stack(0x000000cb3c000000,0x000000cb3c100000) (1024K)]
  0x0000025451480a00 JavaThread "Thread-2"                          [_thread_in_native, id=35356, stack(0x000000cb3b500000,0x000000cb3b600000) (1024K)]
  0x00000254526c6570 JavaThread "rpc-boss-3-1"               daemon [_thread_in_native, id=42236, stack(0x000000cb3c300000,0x000000cb3c400000) (1024K)]
  0x0000025454458260 JavaThread "dispatcher-event-loop-0"    daemon [_thread_blocked, id=71496, stack(0x000000cb3c400000,0x000000cb3c500000) (1024K)]
  0x0000025451c9a5e0 JavaThread "dispatcher-event-loop-1"    daemon [_thread_blocked, id=41156, stack(0x000000cb3c500000,0x000000cb3c600000) (1024K)]
  0x00000254506935c0 JavaThread "Thread-3"                          [_thread_in_native, id=43048, stack(0x000000cb3c600000,0x000000cb3c700000) (1024K)]
  0x000002545253ae20 JavaThread "dispatcher-BlockManagerMaster" daemon [_thread_blocked, id=15084, stack(0x000000cb3cf00000,0x000000cb3d000000) (1024K)]
  0x0000025452539e80 JavaThread "dispatcher-BlockManagerEndpoint1" daemon [_thread_blocked, id=63064, stack(0x000000cb3d000000,0x000000cb3d100000) (1024K)]
  0x00000254520ea840 JavaThread "netty-rpc-env-timeout"      daemon [_thread_blocked, id=25584, stack(0x000000cb3d500000,0x000000cb3d600000) (1024K)]
  0x00000254515700c0 JavaThread "shuffle-boss-6-1"           daemon [_thread_blocked, id=60712, stack(0x000000cb3d900000,0x000000cb3da00000) (1024K)]
  0x0000025451575e80 JavaThread "element-tracking-store-worker" daemon [_thread_blocked, id=36060, stack(0x000000cb3df00000,0x000000cb3e000000) (1024K)]
  0x00000254504d4970 JavaThread "org.apache.hadoop.fs.FileSystem$Statistics$StatisticsDataReferenceCleaner" daemon [_thread_blocked, id=28756, stack(0x000000cb3de00000,0x000000cb3df00000) (1024K)]
  0x00000254531609e0 JavaThread "Cleaner-0"                  daemon [_thread_blocked, id=31340, stack(0x000000cb3e800000,0x000000cb3e900000) (1024K)]
  0x000002545103d6a0 JavaThread "InnocuousThread-1"          daemon [_thread_in_native, id=44064, stack(0x000000cb3f300000,0x000000cb3f400000) (1024K)]
  0x000002545103de70 JavaThread "InnocuousThread-2"          daemon [_thread_in_native, id=68872, stack(0x000000cb3f400000,0x000000cb3f500000) (1024K)]
  0x000002545103a7c0 JavaThread "InnocuousThread-3"          daemon [_thread_in_native, id=64584, stack(0x000000cb3f500000,0x000000cb3f600000) (1024K)]
  0x000002545103af90 JavaThread "InnocuousThread-4"          daemon [_thread_in_native, id=48748, stack(0x000000cb3f600000,0x000000cb3f700000) (1024K)]
  0x000002545103f5e0 JavaThread "InnocuousThread-5"          daemon [_thread_in_native, id=61176, stack(0x000000cb3f700000,0x000000cb3f800000) (1024K)]
  0x000002545103e640 JavaThread "InnocuousThread-6"          daemon [_thread_in_native, id=16840, stack(0x000000cb3f800000,0x000000cb3f900000) (1024K)]
  0x000002545103bf30 JavaThread "InnocuousThread-7"          daemon [_thread_in_native, id=23660, stack(0x000000cb3f900000,0x000000cb3fa00000) (1024K)]
  0x0000025451041520 JavaThread "InnocuousThread-8"          daemon [_thread_in_native, id=66956, stack(0x000000cb3fa00000,0x000000cb3fb00000) (1024K)]
  0x0000025451041cf0 JavaThread "InnocuousThread-9"          daemon [_thread_in_native, id=23392, stack(0x000000cb3fb00000,0x000000cb3fc00000) (1024K)]
  0x0000025451045b70 JavaThread "QueryStageCreator-0"        daemon [_thread_blocked, id=38408, stack(0x000000cb3fd00000,0x000000cb3fe00000) (1024K)]
  0x0000025451048a50 JavaThread "QueryStageCreator-1"        daemon [_thread_blocked, id=46964, stack(0x000000cb3ff00000,0x000000cb40000000) (1024K)]
  0x00000254545b7b70 JavaThread "QueryStageCreator-2"        daemon [_thread_blocked, id=26352, stack(0x000000cb3fc00000,0x000000cb3fd00000) (1024K)]
  0x00000254545b8b10 JavaThread "QueryStageCreator-3"        daemon [_thread_blocked, id=32416, stack(0x000000cb41600000,0x000000cb41700000) (1024K)]
  0x00000254545bb220 JavaThread "QueryStageCreator-4"        daemon [_thread_blocked, id=21824, stack(0x000000cb41800000,0x000000cb41900000) (1024K)]
  0x000002545b0ac750 JavaThread "QueryStageCreator-5"        daemon [_thread_blocked, id=50336, stack(0x000000cb43800000,0x000000cb43900000) (1024K)]
  0x000002545a90ca90 JavaThread "QueryStageCreator-8"        daemon [_thread_blocked, id=52452, stack(0x000000cb45c00000,0x000000cb45d00000) (1024K)]
  0x000002545bb88e80 JavaThread "broadcast-exchange-11"      daemon [_thread_blocked, id=56156, stack(0x000000cb4c600000,0x000000cb4c700000) (1024K)]
  0x000002545bb857d0 JavaThread "broadcast-exchange-12"      daemon [_thread_blocked, id=67240, stack(0x000000cb4c700000,0x000000cb4c800000) (1024K)]
  0x000002545b0a2340 JavaThread "broadcast-exchange-16"      daemon [_thread_blocked, id=53168, stack(0x000000cb3ea00000,0x000000cb3eb00000) (1024K)]
  0x000002544fea8260 JavaThread "block-manager-storage-async-thread-pool-103" daemon [_thread_blocked, id=50724, stack(0x000000cb3fe00000,0x000000cb3ff00000) (1024K)]
  0x000002544fea72c0 JavaThread "block-manager-storage-async-thread-pool-104" daemon [_thread_blocked, id=22512, stack(0x000000cb40000000,0x000000cb40100000) (1024K)]
  0x000002544fea7a90 JavaThread "block-manager-storage-async-thread-pool-105" daemon [_thread_blocked, id=65688, stack(0x000000cb40100000,0x000000cb40200000) (1024K)]
  0x0000025454b594c0 JavaThread "block-manager-ask-thread-pool-78" daemon [_thread_blocked, id=24392, stack(0x000000cb40200000,0x000000cb40300000) (1024K)]
  0x0000025454b5a460 JavaThread "block-manager-ask-thread-pool-79" daemon [_thread_blocked, id=38312, stack(0x000000cb40400000,0x000000cb40500000) (1024K)]
  0x000002545b0aa040 JavaThread "block-manager-storage-async-thread-pool-106" daemon [_thread_blocked, id=38160, stack(0x000000cb40500000,0x000000cb40600000) (1024K)]
  0x000002545b0a7160 JavaThread "block-manager-storage-async-thread-pool-107" daemon [_thread_blocked, id=59328, stack(0x000000cb40600000,0x000000cb40700000) (1024K)]
  0x000002545b0a8100 JavaThread "block-manager-storage-async-thread-pool-108" daemon [_thread_blocked, id=59864, stack(0x000000cb40800000,0x000000cb40900000) (1024K)]
  0x00000254548404a0 JavaThread "block-manager-ask-thread-pool-80" daemon [_thread_blocked, id=28364, stack(0x000000cb40900000,0x000000cb40a00000) (1024K)]
  0x000002545a38c090 JavaThread "block-manager-ask-thread-pool-81" daemon [_thread_blocked, id=49936, stack(0x000000cb40a00000,0x000000cb40b00000) (1024K)]
  0x000002545a1b9f70 JavaThread "QueryStageCreator-17"       daemon [_thread_blocked, id=58320, stack(0x000000cb40b00000,0x000000cb40c00000) (1024K)]
  0x0000025454e4f0d0 JavaThread "QueryStageCreator-18"       daemon [_thread_blocked, id=56856, stack(0x000000cb40c00000,0x000000cb40d00000) (1024K)]
  0x0000025454e4c830 JavaThread "shuffle-exchange-14"        daemon [_thread_blocked, id=55480, stack(0x000000cb40d00000,0x000000cb40e00000) (1024K)]
  0x0000025454e4c060 JavaThread "ResultQueryStageExecution-7" daemon [_thread_blocked, id=9808, stack(0x000000cb40e00000,0x000000cb40f00000) (1024K)]
  0x0000025454e51010 JavaThread "broadcast-exchange-18"      daemon [_thread_blocked, id=59536, stack(0x000000cb40f00000,0x000000cb41000000) (1024K)]
  0x0000025454e4d7d0 JavaThread "shuffle-exchange-15"        daemon [_thread_blocked, id=42008, stack(0x000000cb41000000,0x000000cb41100000) (1024K)]
  0x0000025454e4dfa0 JavaThread "shuffle-exchange-16"        daemon [_thread_blocked, id=31560, stack(0x000000cb41100000,0x000000cb41200000) (1024K)]
  0x0000025454e4f8a0 JavaThread "broadcast-exchange-19"      daemon [_thread_blocked, id=44300, stack(0x000000cb41200000,0x000000cb41300000) (1024K)]
  0x0000025451b26f70 JavaThread "broadcast-exchange-20"      daemon [_thread_blocked, id=54036, stack(0x000000cb41300000,0x000000cb41400000) (1024K)]
  0x0000025453e22820 JavaThread "block-manager-storage-async-thread-pool-109" daemon [_thread_blocked, id=44968, stack(0x000000cb41400000,0x000000cb41500000) (1024K)]
  0x000002545afa61b0 JavaThread "block-manager-storage-async-thread-pool-110" daemon [_thread_blocked, id=69572, stack(0x000000cb41500000,0x000000cb41600000) (1024K)]
  0x000002545afa5210 JavaThread "block-manager-storage-async-thread-pool-111" daemon [_thread_blocked, id=31184, stack(0x000000cb41700000,0x000000cb41800000) (1024K)]
  0x000002545b234930 JavaThread "block-manager-ask-thread-pool-82" daemon [_thread_blocked, id=54672, stack(0x000000cb41900000,0x000000cb41a00000) (1024K)]
  0x000002545afa7150 JavaThread "block-manager-ask-thread-pool-83" daemon [_thread_blocked, id=29368, stack(0x000000cb41a00000,0x000000cb41b00000) (1024K)]
  0x00000254511ccb10 JavaThread "block-manager-storage-async-thread-pool-112" daemon [_thread_blocked, id=37060, stack(0x000000cb41b00000,0x000000cb41c00000) (1024K)]
  0x00000254511cb3a0 JavaThread "block-manager-storage-async-thread-pool-113" daemon [_thread_blocked, id=42148, stack(0x000000cb41c00000,0x000000cb41d00000) (1024K)]
  0x00000254511c9c30 JavaThread "block-manager-storage-async-thread-pool-114" daemon [_thread_blocked, id=24636, stack(0x000000cb41d00000,0x000000cb41e00000) (1024K)]
  0x0000025452b4edd0 JavaThread "block-manager-ask-thread-pool-84" daemon [_thread_blocked, id=16068, stack(0x000000cb41e00000,0x000000cb41f00000) (1024K)]
  0x000002545af0f610 JavaThread "block-manager-ask-thread-pool-85" daemon [_thread_blocked, id=46344, stack(0x000000cb41f00000,0x000000cb42000000) (1024K)]
  0x000002545af0e670 JavaThread "block-manager-storage-async-thread-pool-115" daemon [_thread_blocked, id=57900, stack(0x000000cb42000000,0x000000cb42100000) (1024K)]
  0x000002545b0a90a0 JavaThread "block-manager-storage-async-thread-pool-116" daemon [_thread_blocked, id=24260, stack(0x000000cb42100000,0x000000cb42200000) (1024K)]
  0x000002545b0acf20 JavaThread "block-manager-storage-async-thread-pool-117" daemon [_thread_blocked, id=37444, stack(0x000000cb42200000,0x000000cb42300000) (1024K)]
  0x000002545afa4270 JavaThread "block-manager-ask-thread-pool-86" daemon [_thread_blocked, id=31940, stack(0x000000cb42300000,0x000000cb42400000) (1024K)]
  0x000002545b0b1570 JavaThread "block-manager-ask-thread-pool-87" daemon [_thread_blocked, id=26960, stack(0x000000cb42400000,0x000000cb42500000) (1024K)]
  0x000002545af0ee40 JavaThread "block-manager-storage-async-thread-pool-118" daemon [_thread_blocked, id=38052, stack(0x000000cb42500000,0x000000cb42600000) (1024K)]
  0x000002545b5ed590 JavaThread "block-manager-storage-async-thread-pool-119" daemon [_thread_blocked, id=57168, stack(0x000000cb42600000,0x000000cb42700000) (1024K)]
  0x000002545b5f0470 JavaThread "block-manager-storage-async-thread-pool-120" daemon [_thread_blocked, id=22160, stack(0x000000cb42700000,0x000000cb42800000) (1024K)]
  0x000002545b237040 JavaThread "block-manager-ask-thread-pool-88" daemon [_thread_blocked, id=25012, stack(0x000000cb42800000,0x000000cb42900000) (1024K)]
  0x000002545b235100 JavaThread "block-manager-ask-thread-pool-89" daemon [_thread_blocked, id=60476, stack(0x000000cb42900000,0x000000cb42a00000) (1024K)]
  0x000002545b5edd60 JavaThread "QueryStageCreator-19"       daemon [_thread_blocked, id=60964, stack(0x000000cb3a200000,0x000000cb3a300000) (1024K)]
  0x000002545af11550 JavaThread "block-manager-storage-async-thread-pool-121" daemon [_thread_blocked, id=44472, stack(0x000000cb3a300000,0x000000cb3a400000) (1024K)]
  0x000002545af105b0 JavaThread "block-manager-storage-async-thread-pool-122" daemon [_thread_blocked, id=46760, stack(0x000000cb3a400000,0x000000cb3a500000) (1024K)]
  0x000002545af0dea0 JavaThread "block-manager-storage-async-thread-pool-123" daemon [_thread_blocked, id=23344, stack(0x000000cb3e900000,0x000000cb3ea00000) (1024K)]
  0x0000025452e65d60 JavaThread "block-manager-ask-thread-pool-90" daemon [_thread_blocked, id=62288, stack(0x000000cb3ee00000,0x000000cb3ef00000) (1024K)]
  0x0000025452e645f0 JavaThread "block-manager-ask-thread-pool-91" daemon [_thread_blocked, id=8792, stack(0x000000cb42a00000,0x000000cb42b00000) (1024K)]
  0x000002545b236870 JavaThread "QueryStageCreator-20"       daemon [_thread_blocked, id=50268, stack(0x000000cb42b00000,0x000000cb42c00000) (1024K)]
  0x000002545a6ade00 JavaThread "block-manager-storage-async-thread-pool-124" daemon [_thread_blocked, id=21016, stack(0x000000cb40300000,0x000000cb40400000) (1024K)]
  0x0000025451b27740 JavaThread "block-manager-storage-async-thread-pool-125" daemon [_thread_blocked, id=46692, stack(0x000000cb40700000,0x000000cb40800000) (1024K)]
  0x0000025451b286e0 JavaThread "block-manager-storage-async-thread-pool-126" daemon [_thread_blocked, id=23180, stack(0x000000cb42c00000,0x000000cb42d00000) (1024K)]
  0x00000254511ca400 JavaThread "block-manager-ask-thread-pool-92" daemon [_thread_blocked, id=39136, stack(0x000000cb42d00000,0x000000cb42e00000) (1024K)]
  0x000002545bb86f40 JavaThread "block-manager-ask-thread-pool-93" daemon [_thread_blocked, id=52044, stack(0x000000cb42e00000,0x000000cb42f00000) (1024K)]
  0x000002545b5a8440 JavaThread "QueryStageCreator-21"       daemon [_thread_blocked, id=54020, stack(0x000000cb3c100000,0x000000cb3c200000) (1024K)]
  0x000002545aa19d10 JavaThread "shuffle-server-7-1"         daemon [_thread_blocked, id=63160, stack(0x000000cb3c200000,0x000000cb3c300000) (1024K)]
  0x000002545aa1a4e0 JavaThread "shuffle-server-7-2"         daemon [_thread_blocked, id=48876, stack(0x000000cb3c700000,0x000000cb3c800000) (1024K)]
  0x000002545a6ace60 JavaThread "shuffle-client-5-1"         daemon [_thread_blocked, id=70348, stack(0x000000cb3c800000,0x000000cb3c900000) (1024K)]
  0x000002545a6ab6f0 JavaThread "shuffle-client-5-2"         daemon [_thread_blocked, id=16036, stack(0x000000cb3c900000,0x000000cb3ca00000) (1024K)]
Total: 99

Other Threads:
  0x000002544ad9f3b0 VMThread "VM Thread"                           [id=57872, stack(0x000000cb3ac00000,0x000000cb3ad00000) (1024K)]
  0x000002544ac6e800 WatcherThread "VM Periodic Task Thread"        [id=32220, stack(0x000000cb3ab00000,0x000000cb3ac00000) (1024K)]
  0x000002542f474f10 WorkerThread "GC Thread#0"                     [id=24920, stack(0x000000cb3a600000,0x000000cb3a700000) (1024K)]
  0x000002545073c0f0 WorkerThread "GC Thread#1"                     [id=29300, stack(0x000000cb3b800000,0x000000cb3b900000) (1024K)]
  0x000002545073b380 WorkerThread "GC Thread#2"                     [id=69948, stack(0x000000cb3b900000,0x000000cb3ba00000) (1024K)]
  0x0000025450781900 WorkerThread "GC Thread#3"                     [id=56688, stack(0x000000cb3ba00000,0x000000cb3bb00000) (1024K)]
  0x0000025450781d30 WorkerThread "GC Thread#4"                     [id=35008, stack(0x000000cb3bb00000,0x000000cb3bc00000) (1024K)]
  0x00000254508775a0 WorkerThread "GC Thread#5"                     [id=48176, stack(0x000000cb3bc00000,0x000000cb3bd00000) (1024K)]
  0x0000025450876010 WorkerThread "GC Thread#6"                     [id=61340, stack(0x000000cb3bd00000,0x000000cb3be00000) (1024K)]
  0x0000025450877150 WorkerThread "GC Thread#7"                     [id=59048, stack(0x000000cb3be00000,0x000000cb3bf00000) (1024K)]
  0x000002542f47f7e0 ConcurrentGCThread "G1 Main Marker"            [id=13096, stack(0x000000cb3a700000,0x000000cb3a800000) (1024K)]
  0x000002542f480380 WorkerThread "G1 Conc#0"                       [id=59972, stack(0x000000cb3a800000,0x000000cb3a900000) (1024K)]
  0x0000025450873d90 WorkerThread "G1 Conc#1"                       [id=46172, stack(0x000000cb3bf00000,0x000000cb3c000000) (1024K)]
  0x000002544ac59790 ConcurrentGCThread "G1 Refine#0"               [id=63632, stack(0x000000cb3a900000,0x000000cb3aa00000) (1024K)]
  0x000002544ac5a3a0 ConcurrentGCThread "G1 Service"                [id=66812, stack(0x000000cb3aa00000,0x000000cb3ab00000) (1024K)]
Total: 15

Threads with active compile tasks:
C2 CompilerThread0  146222 27652       4       java.util.HashMap::computeIfAbsent (330 bytes)
Total: 1

VM state: not at safepoint (normal execution)

VM Mutex/Monitor currently owned by a thread: None

Heap address: 0x00000000c0000000, size: 1024 MB, Compressed Oops mode: 32-bit

CDS archive(s) mapped at: [0x0000000001000000-0x0000000001dd0000-0x0000000001dd0000), size 14483456, SharedBaseAddress: 0x0000000001000000, ArchiveRelocationMode: 1.
Compressed class space mapped at: 0x0000000002000000-0x0000000042000000, reserved size: 1073741824
UseCompressedClassPointers 1, UseCompactObjectHeaders 0
Narrow klass pointer bits 32, Max shift 3
Narrow klass base: 0x0000000001000000, Narrow klass shift: 0
Encoding Range: [0x0000000001000000 - 0x0000000101000000), (4294967296 bytes)
Klass Range:    [0x0000000001010000 - 0x0000000042000000), (1090453504 bytes)
Klass ID Range:  [65536 - 1090519033) (1090453497)
Protection zone: [0x0000000001000000 - 0x0000000001010000), (65536 bytes)

GC Precious Log:
 CardTable entry size: 512
 Card Set container configuration: InlinePtr #cards 5 size 8 Array Of Cards #cards 10 size 36 Howl #buckets 4 coarsen threshold 1843 Howl Bitmap #cards 512 size 80 coarsen threshold 460 Card regions per heap region 1 cards per card region 2048
 CPUs: 8 total, 8 available
 Memory: 7914M
 Large Page Support: Disabled
 NUMA Support: Disabled
 Compressed Oops: Enabled (32-bit)
 Heap Region Size: 1M
 Heap Min Capacity: 8M
 Heap Initial Capacity: 124M
 Heap Max Capacity: 1G
 Pre-touch: Disabled
 Parallel Workers: 8
 Concurrent Workers: 2
 Concurrent Refinement Workers: 8
 Periodic GC: Disabled

Heap:
 garbage-first heap   total reserved 1048576K, committed 917504K, used 573198K [0x00000000c0000000, 0x0000000100000000)
  region size 1024K, 175 young (179200K), 3 survivors (3072K)

Heap Regions: E=young(eden), S=young(survivor), O=old, HS=humongous(starts), HC=humongous(continues), CS=collection set, F=free, TAMS=top-at-mark-start, PB=parsable bottom
|   0|0x00000000c0000000, 0x00000000c0100000, 0x00000000c0100000|100%|HS|  |TAMS 0x00000000c0000000| PB 0x00000000c0000000| Complete |  0
|   1|0x00000000c0100000, 0x00000000c0200000, 0x00000000c0200000|100%|HS|  |TAMS 0x00000000c0100000| PB 0x00000000c0100000| Complete |  0
|   2|0x00000000c0200000, 0x00000000c0300000, 0x00000000c0300000|100%|HC|  |TAMS 0x00000000c0200000| PB 0x00000000c0200000| Complete |  0
|   3|0x00000000c0300000, 0x00000000c0400000, 0x00000000c0400000|100%|HS|  |TAMS 0x00000000c0300000| PB 0x00000000c0300000| Complete |  0
|   4|0x00000000c0400000, 0x00000000c0500000, 0x00000000c0500000|100%|HC|  |TAMS 0x00000000c0400000| PB 0x00000000c0400000| Complete |  0
|   5|0x00000000c0500000, 0x00000000c0600000, 0x00000000c0600000|100%|HC|  |TAMS 0x00000000c0500000| PB 0x00000000c0500000| Complete |  0
|   6|0x00000000c0600000, 0x00000000c0700000, 0x00000000c0700000|100%|HS|  |TAMS 0x00000000c0600000| PB 0x00000000c0600000| Complete |  0
|   7|0x00000000c0700000, 0x00000000c0800000, 0x00000000c0800000|100%|HS|  |TAMS 0x00000000c0700000| PB 0x00000000c0700000| Complete |  0
|   8|0x00000000c0800000, 0x00000000c0900000, 0x00000000c0900000|100%|HS|  |TAMS 0x00000000c0800000| PB 0x00000000c0800000| Complete |  0
|   9|0x00000000c0900000, 0x00000000c0a00000, 0x00000000c0a00000|100%|HS|  |TAMS 0x00000000c0900000| PB 0x00000000c0900000| Complete |  0
|  10|0x00000000c0a00000, 0x00000000c0b00000, 0x00000000c0b00000|100%|HS|  |TAMS 0x00000000c0a00000| PB 0x00000000c0a00000| Complete |  0
|  11|0x00000000c0b00000, 0x00000000c0c00000, 0x00000000c0c00000|100%|HS|  |TAMS 0x00000000c0b00000| PB 0x00000000c0b00000| Complete |  0
|  12|0x00000000c0c00000, 0x00000000c0d00000, 0x00000000c0d00000|100%|HS|  |TAMS 0x00000000c0c00000| PB 0x00000000c0c00000| Complete |  0
|  13|0x00000000c0d00000, 0x00000000c0e00000, 0x00000000c0e00000|100%| O|  |TAMS 0x00000000c0d00000| PB 0x00000000c0d00000| Untracked |  0
|  14|0x00000000c0e00000, 0x00000000c0f00000, 0x00000000c0f00000|100%| O|  |TAMS 0x00000000c0e00000| PB 0x00000000c0e00000| Untracked |  0
|  15|0x00000000c0f00000, 0x00000000c1000000, 0x00000000c1000000|100%| O|  |TAMS 0x00000000c0f00000| PB 0x00000000c0f00000| Untracked |  0
|  16|0x00000000c1000000, 0x00000000c1100000, 0x00000000c1100000|100%| O|  |TAMS 0x00000000c1000000| PB 0x00000000c1000000| Untracked |  0
|  17|0x00000000c1100000, 0x00000000c1200000, 0x00000000c1200000|100%| O|  |TAMS 0x00000000c1100000| PB 0x00000000c1100000| Untracked |  0
|  18|0x00000000c1200000, 0x00000000c1300000, 0x00000000c1300000|100%| O|  |TAMS 0x00000000c1200000| PB 0x00000000c1200000| Untracked |  0
|  19|0x00000000c1300000, 0x00000000c1400000, 0x00000000c1400000|100%| O|  |TAMS 0x00000000c1300000| PB 0x00000000c1300000| Untracked |  0
|  20|0x00000000c1400000, 0x00000000c1500000, 0x00000000c1500000|100%| O|  |TAMS 0x00000000c1400000| PB 0x00000000c1400000| Untracked |  0
|  21|0x00000000c1500000, 0x00000000c1600000, 0x00000000c1600000|100%| O|  |TAMS 0x00000000c1500000| PB 0x00000000c1500000| Untracked |  0
|  22|0x00000000c1600000, 0x00000000c1700000, 0x00000000c1700000|100%| O|  |TAMS 0x00000000c1600000| PB 0x00000000c1600000| Untracked |  0
|  23|0x00000000c1700000, 0x00000000c1800000, 0x00000000c1800000|100%| O|  |TAMS 0x00000000c1700000| PB 0x00000000c1700000| Untracked |  0
|  24|0x00000000c1800000, 0x00000000c1900000, 0x00000000c1900000|100%| O|  |TAMS 0x00000000c1800000| PB 0x00000000c1800000| Untracked |  0
|  25|0x00000000c1900000, 0x00000000c1a00000, 0x00000000c1a00000|100%| O|  |TAMS 0x00000000c1900000| PB 0x00000000c1900000| Untracked |  0
|  26|0x00000000c1a00000, 0x00000000c1b00000, 0x00000000c1b00000|100%| O|  |TAMS 0x00000000c1a00000| PB 0x00000000c1a00000| Untracked |  0
|  27|0x00000000c1b00000, 0x00000000c1c00000, 0x00000000c1c00000|100%| O|  |TAMS 0x00000000c1b00000| PB 0x00000000c1b00000| Untracked |  0
|  28|0x00000000c1c00000, 0x00000000c1d00000, 0x00000000c1d00000|100%| O|  |TAMS 0x00000000c1c00000| PB 0x00000000c1c00000| Untracked |  0
|  29|0x00000000c1d00000, 0x00000000c1e00000, 0x00000000c1e00000|100%| O|  |TAMS 0x00000000c1d00000| PB 0x00000000c1d00000| Untracked |  0
|  30|0x00000000c1e00000, 0x00000000c1f00000, 0x00000000c1f00000|100%| O|  |TAMS 0x00000000c1e00000| PB 0x00000000c1e00000| Untracked |  0
|  31|0x00000000c1f00000, 0x00000000c2000000, 0x00000000c2000000|100%| O|  |TAMS 0x00000000c1f00000| PB 0x00000000c1f00000| Untracked |  0
|  32|0x00000000c2000000, 0x00000000c2100000, 0x00000000c2100000|100%| O|  |TAMS 0x00000000c2000000| PB 0x00000000c2000000| Untracked |  0
|  33|0x00000000c2100000, 0x00000000c2200000, 0x00000000c2200000|100%| O|  |TAMS 0x00000000c2100000| PB 0x00000000c2100000| Untracked |  0
|  34|0x00000000c2200000, 0x00000000c2300000, 0x00000000c2300000|100%| O|  |TAMS 0x00000000c2200000| PB 0x00000000c2200000| Untracked |  0
|  35|0x00000000c2300000, 0x00000000c2400000, 0x00000000c2400000|100%| O|  |TAMS 0x00000000c2300000| PB 0x00000000c2300000| Untracked |  0
|  36|0x00000000c2400000, 0x00000000c2500000, 0x00000000c2500000|100%| O|  |TAMS 0x00000000c2400000| PB 0x00000000c2400000| Untracked |  0
|  37|0x00000000c2500000, 0x00000000c2600000, 0x00000000c2600000|100%| O|  |TAMS 0x00000000c2500000| PB 0x00000000c2500000| Untracked |  0
|  38|0x00000000c2600000, 0x00000000c2700000, 0x00000000c2700000|100%| O|  |TAMS 0x00000000c2600000| PB 0x00000000c2600000| Untracked |  0
|  39|0x00000000c2700000, 0x00000000c2800000, 0x00000000c2800000|100%|HS|  |TAMS 0x00000000c2700000| PB 0x00000000c2700000| Complete |  0
|  40|0x00000000c2800000, 0x00000000c2900000, 0x00000000c2900000|100%| O|  |TAMS 0x00000000c2800000| PB 0x00000000c2800000| Untracked |  0
|  41|0x00000000c2900000, 0x00000000c2a00000, 0x00000000c2a00000|100%| O|  |TAMS 0x00000000c2900000| PB 0x00000000c2900000| Untracked |  0
|  42|0x00000000c2a00000, 0x00000000c2b00000, 0x00000000c2b00000|100%| O|  |TAMS 0x00000000c2a00000| PB 0x00000000c2a00000| Untracked |  0
|  43|0x00000000c2b00000, 0x00000000c2c00000, 0x00000000c2c00000|100%| O|  |TAMS 0x00000000c2b00000| PB 0x00000000c2b00000| Untracked |  0
|  44|0x00000000c2c00000, 0x00000000c2d00000, 0x00000000c2d00000|100%| O|  |TAMS 0x00000000c2c00000| PB 0x00000000c2c00000| Untracked |  0
|  45|0x00000000c2d00000, 0x00000000c2e00000, 0x00000000c2e00000|100%| O|  |TAMS 0x00000000c2d00000| PB 0x00000000c2d00000| Untracked |  0
|  46|0x00000000c2e00000, 0x00000000c2f00000, 0x00000000c2f00000|100%| O|  |TAMS 0x00000000c2e00000| PB 0x00000000c2e00000| Untracked |  0
|  47|0x00000000c2f00000, 0x00000000c3000000, 0x00000000c3000000|100%|HS|  |TAMS 0x00000000c2f00000| PB 0x00000000c2f00000| Complete |  0
|  48|0x00000000c3000000, 0x00000000c3100000, 0x00000000c3100000|100%|HS|  |TAMS 0x00000000c3000000| PB 0x00000000c3000000| Complete |  0
|  49|0x00000000c3100000, 0x00000000c3200000, 0x00000000c3200000|100%|HC|  |TAMS 0x00000000c3100000| PB 0x00000000c3100000| Complete |  0
|  50|0x00000000c3200000, 0x00000000c3300000, 0x00000000c3300000|100%|HS|  |TAMS 0x00000000c3200000| PB 0x00000000c3200000| Complete |  0
|  51|0x00000000c3300000, 0x00000000c3400000, 0x00000000c3400000|100%|HS|  |TAMS 0x00000000c3300000| PB 0x00000000c3300000| Complete |  0
|  52|0x00000000c3400000, 0x00000000c3500000, 0x00000000c3500000|100%|HC|  |TAMS 0x00000000c3400000| PB 0x00000000c3400000| Complete |  0
|  53|0x00000000c3500000, 0x00000000c3600000, 0x00000000c3600000|100%|HS|  |TAMS 0x00000000c3500000| PB 0x00000000c3500000| Complete |  0
|  54|0x00000000c3600000, 0x00000000c3700000, 0x00000000c3700000|100%|HS|  |TAMS 0x00000000c3600000| PB 0x00000000c3600000| Complete |  0
|  55|0x00000000c3700000, 0x00000000c3800000, 0x00000000c3800000|100%|HC|  |TAMS 0x00000000c3700000| PB 0x00000000c3700000| Complete |  0
|  56|0x00000000c3800000, 0x00000000c3900000, 0x00000000c3900000|100%|HS|  |TAMS 0x00000000c3800000| PB 0x00000000c3800000| Complete |  0
|  57|0x00000000c3900000, 0x00000000c3a00000, 0x00000000c3a00000|100%|HC|  |TAMS 0x00000000c3900000| PB 0x00000000c3900000| Complete |  0
|  58|0x00000000c3a00000, 0x00000000c3b00000, 0x00000000c3b00000|100%|HS|  |TAMS 0x00000000c3a00000| PB 0x00000000c3a00000| Complete |  0
|  59|0x00000000c3b00000, 0x00000000c3c00000, 0x00000000c3c00000|100%|HS|  |TAMS 0x00000000c3b00000| PB 0x00000000c3b00000| Complete |  0
|  60|0x00000000c3c00000, 0x00000000c3d00000, 0x00000000c3d00000|100%|HS|  |TAMS 0x00000000c3c00000| PB 0x00000000c3c00000| Complete |  0
|  61|0x00000000c3d00000, 0x00000000c3e00000, 0x00000000c3e00000|100%|HC|  |TAMS 0x00000000c3d00000| PB 0x00000000c3d00000| Complete |  0
|  62|0x00000000c3e00000, 0x00000000c3f00000, 0x00000000c3f00000|100%|HS|  |TAMS 0x00000000c3e00000| PB 0x00000000c3e00000| Complete |  0
|  63|0x00000000c3f00000, 0x00000000c4000000, 0x00000000c4000000|100%|HS|  |TAMS 0x00000000c3f00000| PB 0x00000000c3f00000| Complete |  0
|  64|0x00000000c4000000, 0x00000000c4100000, 0x00000000c4100000|100%|HC|  |TAMS 0x00000000c4000000| PB 0x00000000c4000000| Complete |  0
|  65|0x00000000c4100000, 0x00000000c4200000, 0x00000000c4200000|100%|HS|  |TAMS 0x00000000c4100000| PB 0x00000000c4100000| Complete |  0
|  66|0x00000000c4200000, 0x00000000c4300000, 0x00000000c4300000|100%|HS|  |TAMS 0x00000000c4200000| PB 0x00000000c4200000| Complete |  0
|  67|0x00000000c4300000, 0x00000000c4400000, 0x00000000c4400000|100%|HC|  |TAMS 0x00000000c4300000| PB 0x00000000c4300000| Complete |  0
|  68|0x00000000c4400000, 0x00000000c4500000, 0x00000000c4500000|100%|HS|  |TAMS 0x00000000c4400000| PB 0x00000000c4400000| Complete |  0
|  69|0x00000000c4500000, 0x00000000c4600000, 0x00000000c4600000|100%|HS|  |TAMS 0x00000000c4500000| PB 0x00000000c4500000| Complete |  0
|  70|0x00000000c4600000, 0x00000000c4700000, 0x00000000c4700000|100%|HC|  |TAMS 0x00000000c4600000| PB 0x00000000c4600000| Complete |  0
|  71|0x00000000c4700000, 0x00000000c4800000, 0x00000000c4800000|100%|HS|  |TAMS 0x00000000c4700000| PB 0x00000000c4700000| Complete |  0
|  72|0x00000000c4800000, 0x00000000c4900000, 0x00000000c4900000|100%|HS|  |TAMS 0x00000000c4800000| PB 0x00000000c4800000| Complete |  0
|  73|0x00000000c4900000, 0x00000000c4a00000, 0x00000000c4a00000|100%|HS|  |TAMS 0x00000000c4900000| PB 0x00000000c4900000| Complete |  0
|  74|0x00000000c4a00000, 0x00000000c4b00000, 0x00000000c4b00000|100%|HC|  |TAMS 0x00000000c4a00000| PB 0x00000000c4a00000| Complete |  0
|  75|0x00000000c4b00000, 0x00000000c4c00000, 0x00000000c4c00000|100%|HC|  |TAMS 0x00000000c4b00000| PB 0x00000000c4b00000| Complete |  0
|  76|0x00000000c4c00000, 0x00000000c4d00000, 0x00000000c4d00000|100%|HC|  |TAMS 0x00000000c4c00000| PB 0x00000000c4c00000| Complete |  0
|  77|0x00000000c4d00000, 0x00000000c4e00000, 0x00000000c4e00000|100%|HC|  |TAMS 0x00000000c4d00000| PB 0x00000000c4d00000| Complete |  0
|  78|0x00000000c4e00000, 0x00000000c4f00000, 0x00000000c4f00000|100%|HC|  |TAMS 0x00000000c4e00000| PB 0x00000000c4e00000| Complete |  0
|  79|0x00000000c4f00000, 0x00000000c5000000, 0x00000000c5000000|100%|HC|  |TAMS 0x00000000c4f00000| PB 0x00000000c4f00000| Complete |  0
|  80|0x00000000c5000000, 0x00000000c5100000, 0x00000000c5100000|100%|HC|  |TAMS 0x00000000c5000000| PB 0x00000000c5000000| Complete |  0
|  81|0x00000000c5100000, 0x00000000c5200000, 0x00000000c5200000|100%|HS|  |TAMS 0x00000000c5100000| PB 0x00000000c5100000| Complete |  0
|  82|0x00000000c5200000, 0x00000000c5300000, 0x00000000c5300000|100%|HC|  |TAMS 0x00000000c5200000| PB 0x00000000c5200000| Complete |  0
|  83|0x00000000c5300000, 0x00000000c5400000, 0x00000000c5400000|100%|HC|  |TAMS 0x00000000c5300000| PB 0x00000000c5300000| Complete |  0
|  84|0x00000000c5400000, 0x00000000c5500000, 0x00000000c5500000|100%|HC|  |TAMS 0x00000000c5400000| PB 0x00000000c5400000| Complete |  0
|  85|0x00000000c5500000, 0x00000000c5600000, 0x00000000c5600000|100%|HC|  |TAMS 0x00000000c5500000| PB 0x00000000c5500000| Complete |  0
|  86|0x00000000c5600000, 0x00000000c5700000, 0x00000000c5700000|100%|HC|  |TAMS 0x00000000c5600000| PB 0x00000000c5600000| Complete |  0
|  87|0x00000000c5700000, 0x00000000c5800000, 0x00000000c5800000|100%|HC|  |TAMS 0x00000000c5700000| PB 0x00000000c5700000| Complete |  0
|  88|0x00000000c5800000, 0x00000000c5900000, 0x00000000c5900000|100%|HC|  |TAMS 0x00000000c5800000| PB 0x00000000c5800000| Complete |  0
|  89|0x00000000c5900000, 0x00000000c5a00000, 0x00000000c5a00000|100%|HS|  |TAMS 0x00000000c5900000| PB 0x00000000c5900000| Complete |  0
|  90|0x00000000c5a00000, 0x00000000c5b00000, 0x00000000c5b00000|100%|HC|  |TAMS 0x00000000c5a00000| PB 0x00000000c5a00000| Complete |  0
|  91|0x00000000c5b00000, 0x00000000c5c00000, 0x00000000c5c00000|100%|HC|  |TAMS 0x00000000c5b00000| PB 0x00000000c5b00000| Complete |  0
|  92|0x00000000c5c00000, 0x00000000c5d00000, 0x00000000c5d00000|100%|HC|  |TAMS 0x00000000c5c00000| PB 0x00000000c5c00000| Complete |  0
|  93|0x00000000c5d00000, 0x00000000c5e00000, 0x00000000c5e00000|100%|HC|  |TAMS 0x00000000c5d00000| PB 0x00000000c5d00000| Complete |  0
|  94|0x00000000c5e00000, 0x00000000c5f00000, 0x00000000c5f00000|100%|HC|  |TAMS 0x00000000c5e00000| PB 0x00000000c5e00000| Complete |  0
|  95|0x00000000c5f00000, 0x00000000c6000000, 0x00000000c6000000|100%|HC|  |TAMS 0x00000000c5f00000| PB 0x00000000c5f00000| Complete |  0
|  96|0x00000000c6000000, 0x00000000c6100000, 0x00000000c6100000|100%|HC|  |TAMS 0x00000000c6000000| PB 0x00000000c6000000| Complete |  0
|  97|0x00000000c6100000, 0x00000000c6200000, 0x00000000c6200000|100%|HC|  |TAMS 0x00000000c6100000| PB 0x00000000c6100000| Complete |  0
|  98|0x00000000c6200000, 0x00000000c6300000, 0x00000000c6300000|100%|HC|  |TAMS 0x00000000c6200000| PB 0x00000000c6200000| Complete |  0
|  99|0x00000000c6300000, 0x00000000c6400000, 0x00000000c6400000|100%|HC|  |TAMS 0x00000000c6300000| PB 0x00000000c6300000| Complete |  0
| 100|0x00000000c6400000, 0x00000000c6500000, 0x00000000c6500000|100%|HC|  |TAMS 0x00000000c6400000| PB 0x00000000c6400000| Complete |  0
| 101|0x00000000c6500000, 0x00000000c6600000, 0x00000000c6600000|100%|HC|  |TAMS 0x00000000c6500000| PB 0x00000000c6500000| Complete |  0
| 102|0x00000000c6600000, 0x00000000c6700000, 0x00000000c6700000|100%|HC|  |TAMS 0x00000000c6600000| PB 0x00000000c6600000| Complete |  0
| 103|0x00000000c6700000, 0x00000000c6800000, 0x00000000c6800000|100%|HC|  |TAMS 0x00000000c6700000| PB 0x00000000c6700000| Complete |  0
| 104|0x00000000c6800000, 0x00000000c6900000, 0x00000000c6900000|100%|HC|  |TAMS 0x00000000c6800000| PB 0x00000000c6800000| Complete |  0
| 105|0x00000000c6900000, 0x00000000c6a00000, 0x00000000c6a00000|100%|HC|  |TAMS 0x00000000c6900000| PB 0x00000000c6900000| Complete |  0
| 106|0x00000000c6a00000, 0x00000000c6b00000, 0x00000000c6b00000|100%|HC|  |TAMS 0x00000000c6a00000| PB 0x00000000c6a00000| Complete |  0
| 107|0x00000000c6b00000, 0x00000000c6c00000, 0x00000000c6c00000|100%|HC|  |TAMS 0x00000000c6b00000| PB 0x00000000c6b00000| Complete |  0
| 108|0x00000000c6c00000, 0x00000000c6d00000, 0x00000000c6d00000|100%|HC|  |TAMS 0x00000000c6c00000| PB 0x00000000c6c00000| Complete |  0
| 109|0x00000000c6d00000, 0x00000000c6e00000, 0x00000000c6e00000|100%|HC|  |TAMS 0x00000000c6d00000| PB 0x00000000c6d00000| Complete |  0
| 110|0x00000000c6e00000, 0x00000000c6f00000, 0x00000000c6f00000|100%|HC|  |TAMS 0x00000000c6e00000| PB 0x00000000c6e00000| Complete |  0
| 111|0x00000000c6f00000, 0x00000000c7000000, 0x00000000c7000000|100%|HC|  |TAMS 0x00000000c6f00000| PB 0x00000000c6f00000| Complete |  0
| 112|0x00000000c7000000, 0x00000000c7100000, 0x00000000c7100000|100%|HC|  |TAMS 0x00000000c7000000| PB 0x00000000c7000000| Complete |  0
| 113|0x00000000c7100000, 0x00000000c7200000, 0x00000000c7200000|100%|HC|  |TAMS 0x00000000c7100000| PB 0x00000000c7100000| Complete |  0
| 114|0x00000000c7200000, 0x00000000c7300000, 0x00000000c7300000|100%|HC|  |TAMS 0x00000000c7200000| PB 0x00000000c7200000| Complete |  0
| 115|0x00000000c7300000, 0x00000000c7400000, 0x00000000c7400000|100%|HC|  |TAMS 0x00000000c7300000| PB 0x00000000c7300000| Complete |  0
| 116|0x00000000c7400000, 0x00000000c7500000, 0x00000000c7500000|100%|HC|  |TAMS 0x00000000c7400000| PB 0x00000000c7400000| Complete |  0
| 117|0x00000000c7500000, 0x00000000c7600000, 0x00000000c7600000|100%|HC|  |TAMS 0x00000000c7500000| PB 0x00000000c7500000| Complete |  0
| 118|0x00000000c7600000, 0x00000000c7700000, 0x00000000c7700000|100%|HC|  |TAMS 0x00000000c7600000| PB 0x00000000c7600000| Complete |  0
| 119|0x00000000c7700000, 0x00000000c7800000, 0x00000000c7800000|100%|HC|  |TAMS 0x00000000c7700000| PB 0x00000000c7700000| Complete |  0
| 120|0x00000000c7800000, 0x00000000c7900000, 0x00000000c7900000|100%|HC|  |TAMS 0x00000000c7800000| PB 0x00000000c7800000| Complete |  0
| 121|0x00000000c7900000, 0x00000000c7a00000, 0x00000000c7a00000|100%|HS|  |TAMS 0x00000000c7900000| PB 0x00000000c7900000| Complete |  0
| 122|0x00000000c7a00000, 0x00000000c7b00000, 0x00000000c7b00000|100%|HC|  |TAMS 0x00000000c7a00000| PB 0x00000000c7a00000| Complete |  0
| 123|0x00000000c7b00000, 0x00000000c7c00000, 0x00000000c7c00000|100%|HS|  |TAMS 0x00000000c7b00000| PB 0x00000000c7b00000| Complete |  0
| 124|0x00000000c7c00000, 0x00000000c7d00000, 0x00000000c7d00000|100%|HC|  |TAMS 0x00000000c7c00000| PB 0x00000000c7c00000| Complete |  0
| 125|0x00000000c7d00000, 0x00000000c7e00000, 0x00000000c7e00000|100%|HS|  |TAMS 0x00000000c7d00000| PB 0x00000000c7d00000| Complete |  0
| 126|0x00000000c7e00000, 0x00000000c7f00000, 0x00000000c7f00000|100%|HS|  |TAMS 0x00000000c7e00000| PB 0x00000000c7e00000| Complete |  0
| 127|0x00000000c7f00000, 0x00000000c8000000, 0x00000000c8000000|100%|HC|  |TAMS 0x00000000c7f00000| PB 0x00000000c7f00000| Complete |  0
| 128|0x00000000c8000000, 0x00000000c8100000, 0x00000000c8100000|100%|HS|  |TAMS 0x00000000c8000000| PB 0x00000000c8000000| Complete |  0
| 129|0x00000000c8100000, 0x00000000c8200000, 0x00000000c8200000|100%|HC|  |TAMS 0x00000000c8100000| PB 0x00000000c8100000| Complete |  0
| 130|0x00000000c8200000, 0x00000000c8300000, 0x00000000c8300000|100%|HC|  |TAMS 0x00000000c8200000| PB 0x00000000c8200000| Complete |  0
| 131|0x00000000c8300000, 0x00000000c8400000, 0x00000000c8400000|100%|HC|  |TAMS 0x00000000c8300000| PB 0x00000000c8300000| Complete |  0
| 132|0x00000000c8400000, 0x00000000c8500000, 0x00000000c8500000|100%|HC|  |TAMS 0x00000000c8400000| PB 0x00000000c8400000| Complete |  0
| 133|0x00000000c8500000, 0x00000000c8600000, 0x00000000c8600000|100%|HC|  |TAMS 0x00000000c8500000| PB 0x00000000c8500000| Complete |  0
| 134|0x00000000c8600000, 0x00000000c8700000, 0x00000000c8700000|100%|HC|  |TAMS 0x00000000c8600000| PB 0x00000000c8600000| Complete |  0
| 135|0x00000000c8700000, 0x00000000c8800000, 0x00000000c8800000|100%|HC|  |TAMS 0x00000000c8700000| PB 0x00000000c8700000| Complete |  0
| 136|0x00000000c8800000, 0x00000000c8900000, 0x00000000c8900000|100%|HS|  |TAMS 0x00000000c8800000| PB 0x00000000c8800000| Complete |  0
| 137|0x00000000c8900000, 0x00000000c8a00000, 0x00000000c8a00000|100%|HS|  |TAMS 0x00000000c8900000| PB 0x00000000c8900000| Complete |  0
| 138|0x00000000c8a00000, 0x00000000c8a00000, 0x00000000c8b00000|  0%| F|  |TAMS 0x00000000c8a00000| PB 0x00000000c8a00000| Untracked |  0
| 139|0x00000000c8b00000, 0x00000000c8b00000, 0x00000000c8c00000|  0%| F|  |TAMS 0x00000000c8b00000| PB 0x00000000c8b00000| Untracked |  0
| 140|0x00000000c8c00000, 0x00000000c8c00000, 0x00000000c8d00000|  0%| F|  |TAMS 0x00000000c8c00000| PB 0x00000000c8c00000| Untracked |  0
| 141|0x00000000c8d00000, 0x00000000c8d00000, 0x00000000c8e00000|  0%| F|  |TAMS 0x00000000c8d00000| PB 0x00000000c8d00000| Untracked |  0
| 142|0x00000000c8e00000, 0x00000000c8e00000, 0x00000000c8f00000|  0%| F|  |TAMS 0x00000000c8e00000| PB 0x00000000c8e00000| Untracked |  0
| 143|0x00000000c8f00000, 0x00000000c8f00000, 0x00000000c9000000|  0%| F|  |TAMS 0x00000000c8f00000| PB 0x00000000c8f00000| Untracked |  0
| 144|0x00000000c9000000, 0x00000000c9100000, 0x00000000c9100000|100%|HS|  |TAMS 0x00000000c9000000| PB 0x00000000c9000000| Complete |  0
| 145|0x00000000c9100000, 0x00000000c9200000, 0x00000000c9200000|100%|HC|  |TAMS 0x00000000c9100000| PB 0x00000000c9100000| Complete |  0
| 146|0x00000000c9200000, 0x00000000c9300000, 0x00000000c9300000|100%|HC|  |TAMS 0x00000000c9200000| PB 0x00000000c9200000| Complete |  0
| 147|0x00000000c9300000, 0x00000000c9400000, 0x00000000c9400000|100%|HC|  |TAMS 0x00000000c9300000| PB 0x00000000c9300000| Complete |  0
| 148|0x00000000c9400000, 0x00000000c9500000, 0x00000000c9500000|100%|HC|  |TAMS 0x00000000c9400000| PB 0x00000000c9400000| Complete |  0
| 149|0x00000000c9500000, 0x00000000c9600000, 0x00000000c9600000|100%|HC|  |TAMS 0x00000000c9500000| PB 0x00000000c9500000| Complete |  0
| 150|0x00000000c9600000, 0x00000000c9700000, 0x00000000c9700000|100%|HC|  |TAMS 0x00000000c9600000| PB 0x00000000c9600000| Complete |  0
| 151|0x00000000c9700000, 0x00000000c9800000, 0x00000000c9800000|100%|HC|  |TAMS 0x00000000c9700000| PB 0x00000000c9700000| Complete |  0
| 152|0x00000000c9800000, 0x00000000c9900000, 0x00000000c9900000|100%|HS|  |TAMS 0x00000000c9800000| PB 0x00000000c9800000| Complete |  0
| 153|0x00000000c9900000, 0x00000000c9a00000, 0x00000000c9a00000|100%|HC|  |TAMS 0x00000000c9900000| PB 0x00000000c9900000| Complete |  0
| 154|0x00000000c9a00000, 0x00000000c9b00000, 0x00000000c9b00000|100%|HC|  |TAMS 0x00000000c9a00000| PB 0x00000000c9a00000| Complete |  0
| 155|0x00000000c9b00000, 0x00000000c9c00000, 0x00000000c9c00000|100%|HC|  |TAMS 0x00000000c9b00000| PB 0x00000000c9b00000| Complete |  0
| 156|0x00000000c9c00000, 0x00000000c9d00000, 0x00000000c9d00000|100%|HC|  |TAMS 0x00000000c9c00000| PB 0x00000000c9c00000| Complete |  0
| 157|0x00000000c9d00000, 0x00000000c9e00000, 0x00000000c9e00000|100%|HC|  |TAMS 0x00000000c9d00000| PB 0x00000000c9d00000| Complete |  0
| 158|0x00000000c9e00000, 0x00000000c9f00000, 0x00000000c9f00000|100%|HC|  |TAMS 0x00000000c9e00000| PB 0x00000000c9e00000| Complete |  0
| 159|0x00000000c9f00000, 0x00000000ca000000, 0x00000000ca000000|100%|HC|  |TAMS 0x00000000c9f00000| PB 0x00000000c9f00000| Complete |  0
| 160|0x00000000ca000000, 0x00000000ca100000, 0x00000000ca100000|100%|HC|  |TAMS 0x00000000ca000000| PB 0x00000000ca000000| Complete |  0
| 161|0x00000000ca100000, 0x00000000ca200000, 0x00000000ca200000|100%|HC|  |TAMS 0x00000000ca100000| PB 0x00000000ca100000| Complete |  0
| 162|0x00000000ca200000, 0x00000000ca300000, 0x00000000ca300000|100%|HC|  |TAMS 0x00000000ca200000| PB 0x00000000ca200000| Complete |  0
| 163|0x00000000ca300000, 0x00000000ca400000, 0x00000000ca400000|100%|HC|  |TAMS 0x00000000ca300000| PB 0x00000000ca300000| Complete |  0
| 164|0x00000000ca400000, 0x00000000ca500000, 0x00000000ca500000|100%|HC|  |TAMS 0x00000000ca400000| PB 0x00000000ca400000| Complete |  0
| 165|0x00000000ca500000, 0x00000000ca600000, 0x00000000ca600000|100%|HC|  |TAMS 0x00000000ca500000| PB 0x00000000ca500000| Complete |  0
| 166|0x00000000ca600000, 0x00000000ca700000, 0x00000000ca700000|100%|HC|  |TAMS 0x00000000ca600000| PB 0x00000000ca600000| Complete |  0
| 167|0x00000000ca700000, 0x00000000ca800000, 0x00000000ca800000|100%|HC|  |TAMS 0x00000000ca700000| PB 0x00000000ca700000| Complete |  0
| 168|0x00000000ca800000, 0x00000000ca900000, 0x00000000ca900000|100%|HC|  |TAMS 0x00000000ca800000| PB 0x00000000ca800000| Complete |  0
| 169|0x00000000ca900000, 0x00000000caa00000, 0x00000000caa00000|100%|HC|  |TAMS 0x00000000ca900000| PB 0x00000000ca900000| Complete |  0
| 170|0x00000000caa00000, 0x00000000cab00000, 0x00000000cab00000|100%|HC|  |TAMS 0x00000000caa00000| PB 0x00000000caa00000| Complete |  0
| 171|0x00000000cab00000, 0x00000000cac00000, 0x00000000cac00000|100%|HC|  |TAMS 0x00000000cab00000| PB 0x00000000cab00000| Complete |  0
| 172|0x00000000cac00000, 0x00000000cad00000, 0x00000000cad00000|100%|HC|  |TAMS 0x00000000cac00000| PB 0x00000000cac00000| Complete |  0
| 173|0x00000000cad00000, 0x00000000cae00000, 0x00000000cae00000|100%|HC|  |TAMS 0x00000000cad00000| PB 0x00000000cad00000| Complete |  0
| 174|0x00000000cae00000, 0x00000000caf00000, 0x00000000caf00000|100%|HC|  |TAMS 0x00000000cae00000| PB 0x00000000cae00000| Complete |  0
| 175|0x00000000caf00000, 0x00000000cb000000, 0x00000000cb000000|100%|HC|  |TAMS 0x00000000caf00000| PB 0x00000000caf00000| Complete |  0
| 176|0x00000000cb000000, 0x00000000cb100000, 0x00000000cb100000|100%|HC|  |TAMS 0x00000000cb000000| PB 0x00000000cb000000| Complete |  0
| 177|0x00000000cb100000, 0x00000000cb200000, 0x00000000cb200000|100%|HC|  |TAMS 0x00000000cb100000| PB 0x00000000cb100000| Complete |  0
| 178|0x00000000cb200000, 0x00000000cb300000, 0x00000000cb300000|100%|HC|  |TAMS 0x00000000cb200000| PB 0x00000000cb200000| Complete |  0
| 179|0x00000000cb300000, 0x00000000cb400000, 0x00000000cb400000|100%|HC|  |TAMS 0x00000000cb300000| PB 0x00000000cb300000| Complete |  0
| 180|0x00000000cb400000, 0x00000000cb500000, 0x00000000cb500000|100%|HC|  |TAMS 0x00000000cb400000| PB 0x00000000cb400000| Complete |  0
| 181|0x00000000cb500000, 0x00000000cb600000, 0x00000000cb600000|100%|HC|  |TAMS 0x00000000cb500000| PB 0x00000000cb500000| Complete |  0
| 182|0x00000000cb600000, 0x00000000cb700000, 0x00000000cb700000|100%|HC|  |TAMS 0x00000000cb600000| PB 0x00000000cb600000| Complete |  0
| 183|0x00000000cb700000, 0x00000000cb800000, 0x00000000cb800000|100%|HC|  |TAMS 0x00000000cb700000| PB 0x00000000cb700000| Complete |  0
| 184|0x00000000cb800000, 0x00000000cb900000, 0x00000000cb900000|100%|HS|  |TAMS 0x00000000cb800000| PB 0x00000000cb800000| Complete |  0
| 185|0x00000000cb900000, 0x00000000cba00000, 0x00000000cba00000|100%|HC|  |TAMS 0x00000000cb900000| PB 0x00000000cb900000| Complete |  0
| 186|0x00000000cba00000, 0x00000000cbb00000, 0x00000000cbb00000|100%|HC|  |TAMS 0x00000000cba00000| PB 0x00000000cba00000| Complete |  0
| 187|0x00000000cbb00000, 0x00000000cbc00000, 0x00000000cbc00000|100%|HC|  |TAMS 0x00000000cbb00000| PB 0x00000000cbb00000| Complete |  0
| 188|0x00000000cbc00000, 0x00000000cbd00000, 0x00000000cbd00000|100%|HC|  |TAMS 0x00000000cbc00000| PB 0x00000000cbc00000| Complete |  0
| 189|0x00000000cbd00000, 0x00000000cbe00000, 0x00000000cbe00000|100%|HC|  |TAMS 0x00000000cbd00000| PB 0x00000000cbd00000| Complete |  0
| 190|0x00000000cbe00000, 0x00000000cbf00000, 0x00000000cbf00000|100%|HC|  |TAMS 0x00000000cbe00000| PB 0x00000000cbe00000| Complete |  0
| 191|0x00000000cbf00000, 0x00000000cc000000, 0x00000000cc000000|100%|HC|  |TAMS 0x00000000cbf00000| PB 0x00000000cbf00000| Complete |  0
| 192|0x00000000cc000000, 0x00000000cc100000, 0x00000000cc100000|100%|HC|  |TAMS 0x00000000cc000000| PB 0x00000000cc000000| Complete |  0
| 193|0x00000000cc100000, 0x00000000cc200000, 0x00000000cc200000|100%|HC|  |TAMS 0x00000000cc100000| PB 0x00000000cc100000| Complete |  0
| 194|0x00000000cc200000, 0x00000000cc300000, 0x00000000cc300000|100%|HC|  |TAMS 0x00000000cc200000| PB 0x00000000cc200000| Complete |  0
| 195|0x00000000cc300000, 0x00000000cc400000, 0x00000000cc400000|100%|HC|  |TAMS 0x00000000cc300000| PB 0x00000000cc300000| Complete |  0
| 196|0x00000000cc400000, 0x00000000cc500000, 0x00000000cc500000|100%|HC|  |TAMS 0x00000000cc400000| PB 0x00000000cc400000| Complete |  0
| 197|0x00000000cc500000, 0x00000000cc600000, 0x00000000cc600000|100%|HC|  |TAMS 0x00000000cc500000| PB 0x00000000cc500000| Complete |  0
| 198|0x00000000cc600000, 0x00000000cc700000, 0x00000000cc700000|100%|HC|  |TAMS 0x00000000cc600000| PB 0x00000000cc600000| Complete |  0
| 199|0x00000000cc700000, 0x00000000cc800000, 0x00000000cc800000|100%|HC|  |TAMS 0x00000000cc700000| PB 0x00000000cc700000| Complete |  0
| 200|0x00000000cc800000, 0x00000000cc900000, 0x00000000cc900000|100%|HC|  |TAMS 0x00000000cc800000| PB 0x00000000cc800000| Complete |  0
| 201|0x00000000cc900000, 0x00000000cca00000, 0x00000000cca00000|100%|HC|  |TAMS 0x00000000cc900000| PB 0x00000000cc900000| Complete |  0
| 202|0x00000000cca00000, 0x00000000ccb00000, 0x00000000ccb00000|100%|HC|  |TAMS 0x00000000cca00000| PB 0x00000000cca00000| Complete |  0
| 203|0x00000000ccb00000, 0x00000000ccc00000, 0x00000000ccc00000|100%|HC|  |TAMS 0x00000000ccb00000| PB 0x00000000ccb00000| Complete |  0
| 204|0x00000000ccc00000, 0x00000000ccd00000, 0x00000000ccd00000|100%|HC|  |TAMS 0x00000000ccc00000| PB 0x00000000ccc00000| Complete |  0
| 205|0x00000000ccd00000, 0x00000000cce00000, 0x00000000cce00000|100%|HC|  |TAMS 0x00000000ccd00000| PB 0x00000000ccd00000| Complete |  0
| 206|0x00000000cce00000, 0x00000000ccf00000, 0x00000000ccf00000|100%|HC|  |TAMS 0x00000000cce00000| PB 0x00000000cce00000| Complete |  0
| 207|0x00000000ccf00000, 0x00000000cd000000, 0x00000000cd000000|100%|HC|  |TAMS 0x00000000ccf00000| PB 0x00000000ccf00000| Complete |  0
| 208|0x00000000cd000000, 0x00000000cd100000, 0x00000000cd100000|100%|HC|  |TAMS 0x00000000cd000000| PB 0x00000000cd000000| Complete |  0
| 209|0x00000000cd100000, 0x00000000cd200000, 0x00000000cd200000|100%|HC|  |TAMS 0x00000000cd100000| PB 0x00000000cd100000| Complete |  0
| 210|0x00000000cd200000, 0x00000000cd300000, 0x00000000cd300000|100%|HC|  |TAMS 0x00000000cd200000| PB 0x00000000cd200000| Complete |  0
| 211|0x00000000cd300000, 0x00000000cd400000, 0x00000000cd400000|100%|HC|  |TAMS 0x00000000cd300000| PB 0x00000000cd300000| Complete |  0
| 212|0x00000000cd400000, 0x00000000cd500000, 0x00000000cd500000|100%|HC|  |TAMS 0x00000000cd400000| PB 0x00000000cd400000| Complete |  0
| 213|0x00000000cd500000, 0x00000000cd600000, 0x00000000cd600000|100%|HC|  |TAMS 0x00000000cd500000| PB 0x00000000cd500000| Complete |  0
| 214|0x00000000cd600000, 0x00000000cd700000, 0x00000000cd700000|100%|HC|  |TAMS 0x00000000cd600000| PB 0x00000000cd600000| Complete |  0
| 215|0x00000000cd700000, 0x00000000cd800000, 0x00000000cd800000|100%|HC|  |TAMS 0x00000000cd700000| PB 0x00000000cd700000| Complete |  0
| 216|0x00000000cd800000, 0x00000000cd900000, 0x00000000cd900000|100%|HS|  |TAMS 0x00000000cd800000| PB 0x00000000cd800000| Complete |  0
| 217|0x00000000cd900000, 0x00000000cda00000, 0x00000000cda00000|100%|HC|  |TAMS 0x00000000cd900000| PB 0x00000000cd900000| Complete |  0
| 218|0x00000000cda00000, 0x00000000cdb00000, 0x00000000cdb00000|100%|HC|  |TAMS 0x00000000cda00000| PB 0x00000000cda00000| Complete |  0
| 219|0x00000000cdb00000, 0x00000000cdc00000, 0x00000000cdc00000|100%|HC|  |TAMS 0x00000000cdb00000| PB 0x00000000cdb00000| Complete |  0
| 220|0x00000000cdc00000, 0x00000000cdd00000, 0x00000000cdd00000|100%|HC|  |TAMS 0x00000000cdc00000| PB 0x00000000cdc00000| Complete |  0
| 221|0x00000000cdd00000, 0x00000000cde00000, 0x00000000cde00000|100%|HC|  |TAMS 0x00000000cdd00000| PB 0x00000000cdd00000| Complete |  0
| 222|0x00000000cde00000, 0x00000000cdf00000, 0x00000000cdf00000|100%|HC|  |TAMS 0x00000000cde00000| PB 0x00000000cde00000| Complete |  0
| 223|0x00000000cdf00000, 0x00000000ce000000, 0x00000000ce000000|100%|HC|  |TAMS 0x00000000cdf00000| PB 0x00000000cdf00000| Complete |  0
| 224|0x00000000ce000000, 0x00000000ce100000, 0x00000000ce100000|100%|HC|  |TAMS 0x00000000ce000000| PB 0x00000000ce000000| Complete |  0
| 225|0x00000000ce100000, 0x00000000ce200000, 0x00000000ce200000|100%|HC|  |TAMS 0x00000000ce100000| PB 0x00000000ce100000| Complete |  0
| 226|0x00000000ce200000, 0x00000000ce300000, 0x00000000ce300000|100%|HC|  |TAMS 0x00000000ce200000| PB 0x00000000ce200000| Complete |  0
| 227|0x00000000ce300000, 0x00000000ce400000, 0x00000000ce400000|100%|HC|  |TAMS 0x00000000ce300000| PB 0x00000000ce300000| Complete |  0
| 228|0x00000000ce400000, 0x00000000ce500000, 0x00000000ce500000|100%|HC|  |TAMS 0x00000000ce400000| PB 0x00000000ce400000| Complete |  0
| 229|0x00000000ce500000, 0x00000000ce600000, 0x00000000ce600000|100%|HC|  |TAMS 0x00000000ce500000| PB 0x00000000ce500000| Complete |  0
| 230|0x00000000ce600000, 0x00000000ce700000, 0x00000000ce700000|100%|HC|  |TAMS 0x00000000ce600000| PB 0x00000000ce600000| Complete |  0
| 231|0x00000000ce700000, 0x00000000ce800000, 0x00000000ce800000|100%|HC|  |TAMS 0x00000000ce700000| PB 0x00000000ce700000| Complete |  0
| 232|0x00000000ce800000, 0x00000000ce900000, 0x00000000ce900000|100%|HC|  |TAMS 0x00000000ce800000| PB 0x00000000ce800000| Complete |  0
| 233|0x00000000ce900000, 0x00000000cea00000, 0x00000000cea00000|100%|HC|  |TAMS 0x00000000ce900000| PB 0x00000000ce900000| Complete |  0
| 234|0x00000000cea00000, 0x00000000ceb00000, 0x00000000ceb00000|100%|HC|  |TAMS 0x00000000cea00000| PB 0x00000000cea00000| Complete |  0
| 235|0x00000000ceb00000, 0x00000000cec00000, 0x00000000cec00000|100%|HC|  |TAMS 0x00000000ceb00000| PB 0x00000000ceb00000| Complete |  0
| 236|0x00000000cec00000, 0x00000000ced00000, 0x00000000ced00000|100%|HC|  |TAMS 0x00000000cec00000| PB 0x00000000cec00000| Complete |  0
| 237|0x00000000ced00000, 0x00000000cee00000, 0x00000000cee00000|100%|HC|  |TAMS 0x00000000ced00000| PB 0x00000000ced00000| Complete |  0
| 238|0x00000000cee00000, 0x00000000cef00000, 0x00000000cef00000|100%|HC|  |TAMS 0x00000000cee00000| PB 0x00000000cee00000| Complete |  0
| 239|0x00000000cef00000, 0x00000000cf000000, 0x00000000cf000000|100%|HC|  |TAMS 0x00000000cef00000| PB 0x00000000cef00000| Complete |  0
| 240|0x00000000cf000000, 0x00000000cf100000, 0x00000000cf100000|100%|HC|  |TAMS 0x00000000cf000000| PB 0x00000000cf000000| Complete |  0
| 241|0x00000000cf100000, 0x00000000cf200000, 0x00000000cf200000|100%|HC|  |TAMS 0x00000000cf100000| PB 0x00000000cf100000| Complete |  0
| 242|0x00000000cf200000, 0x00000000cf300000, 0x00000000cf300000|100%|HC|  |TAMS 0x00000000cf200000| PB 0x00000000cf200000| Complete |  0
| 243|0x00000000cf300000, 0x00000000cf400000, 0x00000000cf400000|100%|HC|  |TAMS 0x00000000cf300000| PB 0x00000000cf300000| Complete |  0
| 244|0x00000000cf400000, 0x00000000cf500000, 0x00000000cf500000|100%|HC|  |TAMS 0x00000000cf400000| PB 0x00000000cf400000| Complete |  0
| 245|0x00000000cf500000, 0x00000000cf600000, 0x00000000cf600000|100%|HC|  |TAMS 0x00000000cf500000| PB 0x00000000cf500000| Complete |  0
| 246|0x00000000cf600000, 0x00000000cf700000, 0x00000000cf700000|100%|HC|  |TAMS 0x00000000cf600000| PB 0x00000000cf600000| Complete |  0
| 247|0x00000000cf700000, 0x00000000cf800000, 0x00000000cf800000|100%|HC|  |TAMS 0x00000000cf700000| PB 0x00000000cf700000| Complete |  0
| 248|0x00000000cf800000, 0x00000000cf800000, 0x00000000cf900000|  0%| F|  |TAMS 0x00000000cf800000| PB 0x00000000cf800000| Untracked |  0
| 249|0x00000000cf900000, 0x00000000cf900000, 0x00000000cfa00000|  0%| F|  |TAMS 0x00000000cf900000| PB 0x00000000cf900000| Untracked |  0
| 250|0x00000000cfa00000, 0x00000000cfa00000, 0x00000000cfb00000|  0%| F|  |TAMS 0x00000000cfa00000| PB 0x00000000cfa00000| Untracked |  0
| 251|0x00000000cfb00000, 0x00000000cfb00000, 0x00000000cfc00000|  0%| F|  |TAMS 0x00000000cfb00000| PB 0x00000000cfb00000| Untracked |  0
| 252|0x00000000cfc00000, 0x00000000cfc00000, 0x00000000cfd00000|  0%| F|  |TAMS 0x00000000cfc00000| PB 0x00000000cfc00000| Untracked |  0
| 253|0x00000000cfd00000, 0x00000000cfd00000, 0x00000000cfe00000|  0%| F|  |TAMS 0x00000000cfd00000| PB 0x00000000cfd00000| Untracked |  0
| 254|0x00000000cfe00000, 0x00000000cfe00000, 0x00000000cff00000|  0%| F|  |TAMS 0x00000000cfe00000| PB 0x00000000cfe00000| Untracked |  0
| 255|0x00000000cff00000, 0x00000000cff00000, 0x00000000d0000000|  0%| F|  |TAMS 0x00000000cff00000| PB 0x00000000cff00000| Untracked |  0
| 256|0x00000000d0000000, 0x00000000d0000000, 0x00000000d0100000|  0%| F|  |TAMS 0x00000000d0000000| PB 0x00000000d0000000| Untracked |  0
| 257|0x00000000d0100000, 0x00000000d0100000, 0x00000000d0200000|  0%| F|  |TAMS 0x00000000d0100000| PB 0x00000000d0100000| Untracked |  0
| 258|0x00000000d0200000, 0x00000000d0200000, 0x00000000d0300000|  0%| F|  |TAMS 0x00000000d0200000| PB 0x00000000d0200000| Untracked |  0
| 259|0x00000000d0300000, 0x00000000d0400000, 0x00000000d0400000|100%| O|  |TAMS 0x00000000d0300000| PB 0x00000000d0300000| Untracked |  0
| 260|0x00000000d0400000, 0x00000000d0400000, 0x00000000d0500000|  0%| F|  |TAMS 0x00000000d0400000| PB 0x00000000d0400000| Untracked |  0
| 261|0x00000000d0500000, 0x00000000d0500000, 0x00000000d0600000|  0%| F|  |TAMS 0x00000000d0500000| PB 0x00000000d0500000| Untracked |  0
| 262|0x00000000d0600000, 0x00000000d0600000, 0x00000000d0700000|  0%| F|  |TAMS 0x00000000d0600000| PB 0x00000000d0600000| Untracked |  0
| 263|0x00000000d0700000, 0x00000000d0700000, 0x00000000d0800000|  0%| F|  |TAMS 0x00000000d0700000| PB 0x00000000d0700000| Untracked |  0
| 264|0x00000000d0800000, 0x00000000d0800000, 0x00000000d0900000|  0%| F|  |TAMS 0x00000000d0800000| PB 0x00000000d0800000| Untracked |  0
| 265|0x00000000d0900000, 0x00000000d0900000, 0x00000000d0a00000|  0%| F|  |TAMS 0x00000000d0900000| PB 0x00000000d0900000| Untracked |  0
| 266|0x00000000d0a00000, 0x00000000d0a00000, 0x00000000d0b00000|  0%| F|  |TAMS 0x00000000d0a00000| PB 0x00000000d0a00000| Untracked |  0
| 267|0x00000000d0b00000, 0x00000000d0b00000, 0x00000000d0c00000|  0%| F|  |TAMS 0x00000000d0b00000| PB 0x00000000d0b00000| Untracked |  0
| 268|0x00000000d0c00000, 0x00000000d0c00000, 0x00000000d0d00000|  0%| F|  |TAMS 0x00000000d0c00000| PB 0x00000000d0c00000| Untracked |  0
| 269|0x00000000d0d00000, 0x00000000d0d00000, 0x00000000d0e00000|  0%| F|  |TAMS 0x00000000d0d00000| PB 0x00000000d0d00000| Untracked |  0
| 270|0x00000000d0e00000, 0x00000000d0e00000, 0x00000000d0f00000|  0%| F|  |TAMS 0x00000000d0e00000| PB 0x00000000d0e00000| Untracked |  0
| 271|0x00000000d0f00000, 0x00000000d0f00000, 0x00000000d1000000|  0%| F|  |TAMS 0x00000000d0f00000| PB 0x00000000d0f00000| Untracked |  0
| 272|0x00000000d1000000, 0x00000000d1100000, 0x00000000d1100000|100%|HS|  |TAMS 0x00000000d1000000| PB 0x00000000d1000000| Complete |  0
| 273|0x00000000d1100000, 0x00000000d1200000, 0x00000000d1200000|100%|HC|  |TAMS 0x00000000d1100000| PB 0x00000000d1100000| Complete |  0
| 274|0x00000000d1200000, 0x00000000d1300000, 0x00000000d1300000|100%|HC|  |TAMS 0x00000000d1200000| PB 0x00000000d1200000| Complete |  0
| 275|0x00000000d1300000, 0x00000000d1400000, 0x00000000d1400000|100%|HC|  |TAMS 0x00000000d1300000| PB 0x00000000d1300000| Complete |  0
| 276|0x00000000d1400000, 0x00000000d1500000, 0x00000000d1500000|100%|HC|  |TAMS 0x00000000d1400000| PB 0x00000000d1400000| Complete |  0
| 277|0x00000000d1500000, 0x00000000d1600000, 0x00000000d1600000|100%|HC|  |TAMS 0x00000000d1500000| PB 0x00000000d1500000| Complete |  0
| 278|0x00000000d1600000, 0x00000000d1700000, 0x00000000d1700000|100%|HC|  |TAMS 0x00000000d1600000| PB 0x00000000d1600000| Complete |  0
| 279|0x00000000d1700000, 0x00000000d1800000, 0x00000000d1800000|100%|HC|  |TAMS 0x00000000d1700000| PB 0x00000000d1700000| Complete |  0
| 280|0x00000000d1800000, 0x00000000d1800000, 0x00000000d1900000|  0%| F|  |TAMS 0x00000000d1800000| PB 0x00000000d1800000| Untracked |  0
| 281|0x00000000d1900000, 0x00000000d1900000, 0x00000000d1a00000|  0%| F|  |TAMS 0x00000000d1900000| PB 0x00000000d1900000| Untracked |  0
| 282|0x00000000d1a00000, 0x00000000d1a00000, 0x00000000d1b00000|  0%| F|  |TAMS 0x00000000d1a00000| PB 0x00000000d1a00000| Untracked |  0
| 283|0x00000000d1b00000, 0x00000000d1b00000, 0x00000000d1c00000|  0%| F|  |TAMS 0x00000000d1b00000| PB 0x00000000d1b00000| Untracked |  0
| 284|0x00000000d1c00000, 0x00000000d1c00000, 0x00000000d1d00000|  0%| F|  |TAMS 0x00000000d1c00000| PB 0x00000000d1c00000| Untracked |  0
| 285|0x00000000d1d00000, 0x00000000d1d00000, 0x00000000d1e00000|  0%| F|  |TAMS 0x00000000d1d00000| PB 0x00000000d1d00000| Untracked |  0
| 286|0x00000000d1e00000, 0x00000000d1e00000, 0x00000000d1f00000|  0%| F|  |TAMS 0x00000000d1e00000| PB 0x00000000d1e00000| Untracked |  0
| 287|0x00000000d1f00000, 0x00000000d1f00000, 0x00000000d2000000|  0%| F|  |TAMS 0x00000000d1f00000| PB 0x00000000d1f00000| Untracked |  0
| 288|0x00000000d2000000, 0x00000000d2000000, 0x00000000d2100000|  0%| F|  |TAMS 0x00000000d2000000| PB 0x00000000d2000000| Untracked |  0
| 289|0x00000000d2100000, 0x00000000d2100000, 0x00000000d2200000|  0%| F|  |TAMS 0x00000000d2100000| PB 0x00000000d2100000| Untracked |  0
| 290|0x00000000d2200000, 0x00000000d2200000, 0x00000000d2300000|  0%| F|  |TAMS 0x00000000d2200000| PB 0x00000000d2200000| Untracked |  0
| 291|0x00000000d2300000, 0x00000000d2300000, 0x00000000d2400000|  0%| F|  |TAMS 0x00000000d2300000| PB 0x00000000d2300000| Untracked |  0
| 292|0x00000000d2400000, 0x00000000d2400000, 0x00000000d2500000|  0%| F|  |TAMS 0x00000000d2400000| PB 0x00000000d2400000| Untracked |  0
| 293|0x00000000d2500000, 0x00000000d2500000, 0x00000000d2600000|  0%| F|  |TAMS 0x00000000d2500000| PB 0x00000000d2500000| Untracked |  0
| 294|0x00000000d2600000, 0x00000000d2600000, 0x00000000d2700000|  0%| F|  |TAMS 0x00000000d2600000| PB 0x00000000d2600000| Untracked |  0
| 295|0x00000000d2700000, 0x00000000d2700000, 0x00000000d2800000|  0%| F|  |TAMS 0x00000000d2700000| PB 0x00000000d2700000| Untracked |  0
| 296|0x00000000d2800000, 0x00000000d2900000, 0x00000000d2900000|100%|HS|  |TAMS 0x00000000d2800000| PB 0x00000000d2800000| Complete |  0
| 297|0x00000000d2900000, 0x00000000d2a00000, 0x00000000d2a00000|100%|HC|  |TAMS 0x00000000d2900000| PB 0x00000000d2900000| Complete |  0
| 298|0x00000000d2a00000, 0x00000000d2b00000, 0x00000000d2b00000|100%|HC|  |TAMS 0x00000000d2a00000| PB 0x00000000d2a00000| Complete |  0
| 299|0x00000000d2b00000, 0x00000000d2c00000, 0x00000000d2c00000|100%|HC|  |TAMS 0x00000000d2b00000| PB 0x00000000d2b00000| Complete |  0
| 300|0x00000000d2c00000, 0x00000000d2d00000, 0x00000000d2d00000|100%|HC|  |TAMS 0x00000000d2c00000| PB 0x00000000d2c00000| Complete |  0
| 301|0x00000000d2d00000, 0x00000000d2e00000, 0x00000000d2e00000|100%|HC|  |TAMS 0x00000000d2d00000| PB 0x00000000d2d00000| Complete |  0
| 302|0x00000000d2e00000, 0x00000000d2f00000, 0x00000000d2f00000|100%|HC|  |TAMS 0x00000000d2e00000| PB 0x00000000d2e00000| Complete |  0
| 303|0x00000000d2f00000, 0x00000000d3000000, 0x00000000d3000000|100%|HC|  |TAMS 0x00000000d2f00000| PB 0x00000000d2f00000| Complete |  0
| 304|0x00000000d3000000, 0x00000000d3100000, 0x00000000d3100000|100%|HC|  |TAMS 0x00000000d3000000| PB 0x00000000d3000000| Complete |  0
| 305|0x00000000d3100000, 0x00000000d3200000, 0x00000000d3200000|100%|HC|  |TAMS 0x00000000d3100000| PB 0x00000000d3100000| Complete |  0
| 306|0x00000000d3200000, 0x00000000d3300000, 0x00000000d3300000|100%|HC|  |TAMS 0x00000000d3200000| PB 0x00000000d3200000| Complete |  0
| 307|0x00000000d3300000, 0x00000000d3400000, 0x00000000d3400000|100%|HC|  |TAMS 0x00000000d3300000| PB 0x00000000d3300000| Complete |  0
| 308|0x00000000d3400000, 0x00000000d3500000, 0x00000000d3500000|100%|HC|  |TAMS 0x00000000d3400000| PB 0x00000000d3400000| Complete |  0
| 309|0x00000000d3500000, 0x00000000d3600000, 0x00000000d3600000|100%|HC|  |TAMS 0x00000000d3500000| PB 0x00000000d3500000| Complete |  0
| 310|0x00000000d3600000, 0x00000000d3700000, 0x00000000d3700000|100%|HC|  |TAMS 0x00000000d3600000| PB 0x00000000d3600000| Complete |  0
| 311|0x00000000d3700000, 0x00000000d3800000, 0x00000000d3800000|100%|HC|  |TAMS 0x00000000d3700000| PB 0x00000000d3700000| Complete |  0
| 312|0x00000000d3800000, 0x00000000d3900000, 0x00000000d3900000|100%|HC|  |TAMS 0x00000000d3800000| PB 0x00000000d3800000| Complete |  0
| 313|0x00000000d3900000, 0x00000000d3a00000, 0x00000000d3a00000|100%|HC|  |TAMS 0x00000000d3900000| PB 0x00000000d3900000| Complete |  0
| 314|0x00000000d3a00000, 0x00000000d3b00000, 0x00000000d3b00000|100%|HC|  |TAMS 0x00000000d3a00000| PB 0x00000000d3a00000| Complete |  0
| 315|0x00000000d3b00000, 0x00000000d3c00000, 0x00000000d3c00000|100%|HC|  |TAMS 0x00000000d3b00000| PB 0x00000000d3b00000| Complete |  0
| 316|0x00000000d3c00000, 0x00000000d3d00000, 0x00000000d3d00000|100%|HC|  |TAMS 0x00000000d3c00000| PB 0x00000000d3c00000| Complete |  0
| 317|0x00000000d3d00000, 0x00000000d3e00000, 0x00000000d3e00000|100%|HC|  |TAMS 0x00000000d3d00000| PB 0x00000000d3d00000| Complete |  0
| 318|0x00000000d3e00000, 0x00000000d3f00000, 0x00000000d3f00000|100%|HC|  |TAMS 0x00000000d3e00000| PB 0x00000000d3e00000| Complete |  0
| 319|0x00000000d3f00000, 0x00000000d4000000, 0x00000000d4000000|100%|HC|  |TAMS 0x00000000d3f00000| PB 0x00000000d3f00000| Complete |  0
| 320|0x00000000d4000000, 0x00000000d4100000, 0x00000000d4100000|100%|HC|  |TAMS 0x00000000d4000000| PB 0x00000000d4000000| Complete |  0
| 321|0x00000000d4100000, 0x00000000d4200000, 0x00000000d4200000|100%|HC|  |TAMS 0x00000000d4100000| PB 0x00000000d4100000| Complete |  0
| 322|0x00000000d4200000, 0x00000000d4300000, 0x00000000d4300000|100%|HC|  |TAMS 0x00000000d4200000| PB 0x00000000d4200000| Complete |  0
| 323|0x00000000d4300000, 0x00000000d4400000, 0x00000000d4400000|100%|HC|  |TAMS 0x00000000d4300000| PB 0x00000000d4300000| Complete |  0
| 324|0x00000000d4400000, 0x00000000d4500000, 0x00000000d4500000|100%|HC|  |TAMS 0x00000000d4400000| PB 0x00000000d4400000| Complete |  0
| 325|0x00000000d4500000, 0x00000000d4600000, 0x00000000d4600000|100%|HC|  |TAMS 0x00000000d4500000| PB 0x00000000d4500000| Complete |  0
| 326|0x00000000d4600000, 0x00000000d4700000, 0x00000000d4700000|100%|HC|  |TAMS 0x00000000d4600000| PB 0x00000000d4600000| Complete |  0
| 327|0x00000000d4700000, 0x00000000d4800000, 0x00000000d4800000|100%|HC|  |TAMS 0x00000000d4700000| PB 0x00000000d4700000| Complete |  0
| 328|0x00000000d4800000, 0x00000000d4800000, 0x00000000d4900000|  0%| F|  |TAMS 0x00000000d4800000| PB 0x00000000d4800000| Untracked |  0
| 329|0x00000000d4900000, 0x00000000d4900000, 0x00000000d4a00000|  0%| F|  |TAMS 0x00000000d4900000| PB 0x00000000d4900000| Untracked |  0
| 330|0x00000000d4a00000, 0x00000000d4a00000, 0x00000000d4b00000|  0%| F|  |TAMS 0x00000000d4a00000| PB 0x00000000d4a00000| Untracked |  0
| 331|0x00000000d4b00000, 0x00000000d4b00000, 0x00000000d4c00000|  0%| F|  |TAMS 0x00000000d4b00000| PB 0x00000000d4b00000| Untracked |  0
| 332|0x00000000d4c00000, 0x00000000d4c00000, 0x00000000d4d00000|  0%| F|  |TAMS 0x00000000d4c00000| PB 0x00000000d4c00000| Untracked |  0
| 333|0x00000000d4d00000, 0x00000000d4d00000, 0x00000000d4e00000|  0%| F|  |TAMS 0x00000000d4d00000| PB 0x00000000d4d00000| Untracked |  0
| 334|0x00000000d4e00000, 0x00000000d4e00000, 0x00000000d4f00000|  0%| F|  |TAMS 0x00000000d4e00000| PB 0x00000000d4e00000| Untracked |  0
| 335|0x00000000d4f00000, 0x00000000d4f00000, 0x00000000d5000000|  0%| F|  |TAMS 0x00000000d4f00000| PB 0x00000000d4f00000| Untracked |  0
| 336|0x00000000d5000000, 0x00000000d5100000, 0x00000000d5100000|100%|HS|  |TAMS 0x00000000d5000000| PB 0x00000000d5000000| Complete |  0
| 337|0x00000000d5100000, 0x00000000d5200000, 0x00000000d5200000|100%|HC|  |TAMS 0x00000000d5100000| PB 0x00000000d5100000| Complete |  0
| 338|0x00000000d5200000, 0x00000000d5300000, 0x00000000d5300000|100%|HC|  |TAMS 0x00000000d5200000| PB 0x00000000d5200000| Complete |  0
| 339|0x00000000d5300000, 0x00000000d5400000, 0x00000000d5400000|100%|HC|  |TAMS 0x00000000d5300000| PB 0x00000000d5300000| Complete |  0
| 340|0x00000000d5400000, 0x00000000d5500000, 0x00000000d5500000|100%|HC|  |TAMS 0x00000000d5400000| PB 0x00000000d5400000| Complete |  0
| 341|0x00000000d5500000, 0x00000000d5600000, 0x00000000d5600000|100%|HC|  |TAMS 0x00000000d5500000| PB 0x00000000d5500000| Complete |  0
| 342|0x00000000d5600000, 0x00000000d5700000, 0x00000000d5700000|100%|HC|  |TAMS 0x00000000d5600000| PB 0x00000000d5600000| Complete |  0
| 343|0x00000000d5700000, 0x00000000d5800000, 0x00000000d5800000|100%|HC|  |TAMS 0x00000000d5700000| PB 0x00000000d5700000| Complete |  0
| 344|0x00000000d5800000, 0x00000000d5900000, 0x00000000d5900000|100%|HC|  |TAMS 0x00000000d5800000| PB 0x00000000d5800000| Complete |  0
| 345|0x00000000d5900000, 0x00000000d5a00000, 0x00000000d5a00000|100%|HC|  |TAMS 0x00000000d5900000| PB 0x00000000d5900000| Complete |  0
| 346|0x00000000d5a00000, 0x00000000d5b00000, 0x00000000d5b00000|100%|HC|  |TAMS 0x00000000d5a00000| PB 0x00000000d5a00000| Complete |  0
| 347|0x00000000d5b00000, 0x00000000d5c00000, 0x00000000d5c00000|100%|HC|  |TAMS 0x00000000d5b00000| PB 0x00000000d5b00000| Complete |  0
| 348|0x00000000d5c00000, 0x00000000d5d00000, 0x00000000d5d00000|100%|HC|  |TAMS 0x00000000d5c00000| PB 0x00000000d5c00000| Complete |  0
| 349|0x00000000d5d00000, 0x00000000d5e00000, 0x00000000d5e00000|100%|HC|  |TAMS 0x00000000d5d00000| PB 0x00000000d5d00000| Complete |  0
| 350|0x00000000d5e00000, 0x00000000d5f00000, 0x00000000d5f00000|100%|HC|  |TAMS 0x00000000d5e00000| PB 0x00000000d5e00000| Complete |  0
| 351|0x00000000d5f00000, 0x00000000d6000000, 0x00000000d6000000|100%|HC|  |TAMS 0x00000000d5f00000| PB 0x00000000d5f00000| Complete |  0
| 352|0x00000000d6000000, 0x00000000d6100000, 0x00000000d6100000|100%|HC|  |TAMS 0x00000000d6000000| PB 0x00000000d6000000| Complete |  0
| 353|0x00000000d6100000, 0x00000000d6200000, 0x00000000d6200000|100%|HC|  |TAMS 0x00000000d6100000| PB 0x00000000d6100000| Complete |  0
| 354|0x00000000d6200000, 0x00000000d6300000, 0x00000000d6300000|100%|HC|  |TAMS 0x00000000d6200000| PB 0x00000000d6200000| Complete |  0
| 355|0x00000000d6300000, 0x00000000d6400000, 0x00000000d6400000|100%|HC|  |TAMS 0x00000000d6300000| PB 0x00000000d6300000| Complete |  0
| 356|0x00000000d6400000, 0x00000000d6500000, 0x00000000d6500000|100%|HC|  |TAMS 0x00000000d6400000| PB 0x00000000d6400000| Complete |  0
| 357|0x00000000d6500000, 0x00000000d6600000, 0x00000000d6600000|100%|HC|  |TAMS 0x00000000d6500000| PB 0x00000000d6500000| Complete |  0
| 358|0x00000000d6600000, 0x00000000d6700000, 0x00000000d6700000|100%|HC|  |TAMS 0x00000000d6600000| PB 0x00000000d6600000| Complete |  0
| 359|0x00000000d6700000, 0x00000000d6800000, 0x00000000d6800000|100%|HC|  |TAMS 0x00000000d6700000| PB 0x00000000d6700000| Complete |  0
| 360|0x00000000d6800000, 0x00000000d6900000, 0x00000000d6900000|100%|HC|  |TAMS 0x00000000d6800000| PB 0x00000000d6800000| Complete |  0
| 361|0x00000000d6900000, 0x00000000d6a00000, 0x00000000d6a00000|100%|HC|  |TAMS 0x00000000d6900000| PB 0x00000000d6900000| Complete |  0
| 362|0x00000000d6a00000, 0x00000000d6b00000, 0x00000000d6b00000|100%|HC|  |TAMS 0x00000000d6a00000| PB 0x00000000d6a00000| Complete |  0
| 363|0x00000000d6b00000, 0x00000000d6c00000, 0x00000000d6c00000|100%|HC|  |TAMS 0x00000000d6b00000| PB 0x00000000d6b00000| Complete |  0
| 364|0x00000000d6c00000, 0x00000000d6d00000, 0x00000000d6d00000|100%|HC|  |TAMS 0x00000000d6c00000| PB 0x00000000d6c00000| Complete |  0
| 365|0x00000000d6d00000, 0x00000000d6e00000, 0x00000000d6e00000|100%|HC|  |TAMS 0x00000000d6d00000| PB 0x00000000d6d00000| Complete |  0
| 366|0x00000000d6e00000, 0x00000000d6f00000, 0x00000000d6f00000|100%|HC|  |TAMS 0x00000000d6e00000| PB 0x00000000d6e00000| Complete |  0
| 367|0x00000000d6f00000, 0x00000000d7000000, 0x00000000d7000000|100%|HC|  |TAMS 0x00000000d6f00000| PB 0x00000000d6f00000| Complete |  0
| 368|0x00000000d7000000, 0x00000000d7000000, 0x00000000d7100000|  0%| F|  |TAMS 0x00000000d7000000| PB 0x00000000d7000000| Untracked |  0
| 369|0x00000000d7100000, 0x00000000d7100000, 0x00000000d7200000|  0%| F|  |TAMS 0x00000000d7100000| PB 0x00000000d7100000| Untracked |  0
| 370|0x00000000d7200000, 0x00000000d7200000, 0x00000000d7300000|  0%| F|  |TAMS 0x00000000d7200000| PB 0x00000000d7200000| Untracked |  0
| 371|0x00000000d7300000, 0x00000000d7300000, 0x00000000d7400000|  0%| F|  |TAMS 0x00000000d7300000| PB 0x00000000d7300000| Untracked |  0
| 372|0x00000000d7400000, 0x00000000d7400000, 0x00000000d7500000|  0%| F|  |TAMS 0x00000000d7400000| PB 0x00000000d7400000| Untracked |  0
| 373|0x00000000d7500000, 0x00000000d7500000, 0x00000000d7600000|  0%| F|  |TAMS 0x00000000d7500000| PB 0x00000000d7500000| Untracked |  0
| 374|0x00000000d7600000, 0x00000000d7600000, 0x00000000d7700000|  0%| F|  |TAMS 0x00000000d7600000| PB 0x00000000d7600000| Untracked |  0
| 375|0x00000000d7700000, 0x00000000d7700000, 0x00000000d7800000|  0%| F|  |TAMS 0x00000000d7700000| PB 0x00000000d7700000| Untracked |  0
| 376|0x00000000d7800000, 0x00000000d7800000, 0x00000000d7900000|  0%| F|  |TAMS 0x00000000d7800000| PB 0x00000000d7800000| Untracked |  0
| 377|0x00000000d7900000, 0x00000000d7900000, 0x00000000d7a00000|  0%| F|  |TAMS 0x00000000d7900000| PB 0x00000000d7900000| Untracked |  0
| 378|0x00000000d7a00000, 0x00000000d7a00000, 0x00000000d7b00000|  0%| F|  |TAMS 0x00000000d7a00000| PB 0x00000000d7a00000| Untracked |  0
| 379|0x00000000d7b00000, 0x00000000d7b00000, 0x00000000d7c00000|  0%| F|  |TAMS 0x00000000d7b00000| PB 0x00000000d7b00000| Untracked |  0
| 380|0x00000000d7c00000, 0x00000000d7c00000, 0x00000000d7d00000|  0%| F|  |TAMS 0x00000000d7c00000| PB 0x00000000d7c00000| Untracked |  0
| 381|0x00000000d7d00000, 0x00000000d7d00000, 0x00000000d7e00000|  0%| F|  |TAMS 0x00000000d7d00000| PB 0x00000000d7d00000| Untracked |  0
| 382|0x00000000d7e00000, 0x00000000d7e00000, 0x00000000d7f00000|  0%| F|  |TAMS 0x00000000d7e00000| PB 0x00000000d7e00000| Untracked |  0
| 383|0x00000000d7f00000, 0x00000000d7f00000, 0x00000000d8000000|  0%| F|  |TAMS 0x00000000d7f00000| PB 0x00000000d7f00000| Untracked |  0
| 384|0x00000000d8000000, 0x00000000d8000000, 0x00000000d8100000|  0%| F|  |TAMS 0x00000000d8000000| PB 0x00000000d8000000| Untracked |  0
| 385|0x00000000d8100000, 0x00000000d8100000, 0x00000000d8200000|  0%| F|  |TAMS 0x00000000d8100000| PB 0x00000000d8100000| Untracked |  0
| 386|0x00000000d8200000, 0x00000000d8200000, 0x00000000d8300000|  0%| F|  |TAMS 0x00000000d8200000| PB 0x00000000d8200000| Untracked |  0
| 387|0x00000000d8300000, 0x00000000d8300000, 0x00000000d8400000|  0%| F|  |TAMS 0x00000000d8300000| PB 0x00000000d8300000| Untracked |  0
| 388|0x00000000d8400000, 0x00000000d8400000, 0x00000000d8500000|  0%| F|  |TAMS 0x00000000d8400000| PB 0x00000000d8400000| Untracked |  0
| 389|0x00000000d8500000, 0x00000000d8500000, 0x00000000d8600000|  0%| F|  |TAMS 0x00000000d8500000| PB 0x00000000d8500000| Untracked |  0
| 390|0x00000000d8600000, 0x00000000d8600000, 0x00000000d8700000|  0%| F|  |TAMS 0x00000000d8600000| PB 0x00000000d8600000| Untracked |  0
| 391|0x00000000d8700000, 0x00000000d8700000, 0x00000000d8800000|  0%| F|  |TAMS 0x00000000d8700000| PB 0x00000000d8700000| Untracked |  0
| 392|0x00000000d8800000, 0x00000000d8800000, 0x00000000d8900000|  0%| F|  |TAMS 0x00000000d8800000| PB 0x00000000d8800000| Untracked |  0
| 393|0x00000000d8900000, 0x00000000d8a00000, 0x00000000d8a00000|100%|HS|  |TAMS 0x00000000d8900000| PB 0x00000000d8900000| Complete |  0
| 394|0x00000000d8a00000, 0x00000000d8a00000, 0x00000000d8b00000|  0%| F|  |TAMS 0x00000000d8a00000| PB 0x00000000d8a00000| Untracked |  0
| 395|0x00000000d8b00000, 0x00000000d8b00000, 0x00000000d8c00000|  0%| F|  |TAMS 0x00000000d8b00000| PB 0x00000000d8b00000| Untracked |  0
| 396|0x00000000d8c00000, 0x00000000d8c00000, 0x00000000d8d00000|  0%| F|  |TAMS 0x00000000d8c00000| PB 0x00000000d8c00000| Untracked |  0
| 397|0x00000000d8d00000, 0x00000000d8d00000, 0x00000000d8e00000|  0%| F|  |TAMS 0x00000000d8d00000| PB 0x00000000d8d00000| Untracked |  0
| 398|0x00000000d8e00000, 0x00000000d8e00000, 0x00000000d8f00000|  0%| F|  |TAMS 0x00000000d8e00000| PB 0x00000000d8e00000| Untracked |  0
| 399|0x00000000d8f00000, 0x00000000d8f00000, 0x00000000d9000000|  0%| F|  |TAMS 0x00000000d8f00000| PB 0x00000000d8f00000| Untracked |  0
| 400|0x00000000d9000000, 0x00000000d9000000, 0x00000000d9100000|  0%| F|  |TAMS 0x00000000d9000000| PB 0x00000000d9000000| Untracked |  0
| 401|0x00000000d9100000, 0x00000000d9100000, 0x00000000d9200000|  0%| F|  |TAMS 0x00000000d9100000| PB 0x00000000d9100000| Untracked |  0
| 402|0x00000000d9200000, 0x00000000d9200000, 0x00000000d9300000|  0%| F|  |TAMS 0x00000000d9200000| PB 0x00000000d9200000| Untracked |  0
| 403|0x00000000d9300000, 0x00000000d9300000, 0x00000000d9400000|  0%| F|  |TAMS 0x00000000d9300000| PB 0x00000000d9300000| Untracked |  0
| 404|0x00000000d9400000, 0x00000000d9400000, 0x00000000d9500000|  0%| F|  |TAMS 0x00000000d9400000| PB 0x00000000d9400000| Untracked |  0
| 405|0x00000000d9500000, 0x00000000d9500000, 0x00000000d9600000|  0%| F|  |TAMS 0x00000000d9500000| PB 0x00000000d9500000| Untracked |  0
| 406|0x00000000d9600000, 0x00000000d9600000, 0x00000000d9700000|  0%| F|  |TAMS 0x00000000d9600000| PB 0x00000000d9600000| Untracked |  0
| 407|0x00000000d9700000, 0x00000000d9700000, 0x00000000d9800000|  0%| F|  |TAMS 0x00000000d9700000| PB 0x00000000d9700000| Untracked |  0
| 408|0x00000000d9800000, 0x00000000d9800000, 0x00000000d9900000|  0%| F|  |TAMS 0x00000000d9800000| PB 0x00000000d9800000| Untracked |  0
| 409|0x00000000d9900000, 0x00000000d9900000, 0x00000000d9a00000|  0%| F|  |TAMS 0x00000000d9900000| PB 0x00000000d9900000| Untracked |  0
| 410|0x00000000d9a00000, 0x00000000d9a00000, 0x00000000d9b00000|  0%| F|  |TAMS 0x00000000d9a00000| PB 0x00000000d9a00000| Untracked |  0
| 411|0x00000000d9b00000, 0x00000000d9b00000, 0x00000000d9c00000|  0%| F|  |TAMS 0x00000000d9b00000| PB 0x00000000d9b00000| Untracked |  0
| 412|0x00000000d9c00000, 0x00000000d9c00000, 0x00000000d9d00000|  0%| F|  |TAMS 0x00000000d9c00000| PB 0x00000000d9c00000| Untracked |  0
| 413|0x00000000d9d00000, 0x00000000d9d00000, 0x00000000d9e00000|  0%| F|  |TAMS 0x00000000d9d00000| PB 0x00000000d9d00000| Untracked |  0
| 414|0x00000000d9e00000, 0x00000000d9e00000, 0x00000000d9f00000|  0%| F|  |TAMS 0x00000000d9e00000| PB 0x00000000d9e00000| Untracked |  0
| 415|0x00000000d9f00000, 0x00000000d9f00000, 0x00000000da000000|  0%| F|  |TAMS 0x00000000d9f00000| PB 0x00000000d9f00000| Untracked |  0
| 416|0x00000000da000000, 0x00000000da000000, 0x00000000da100000|  0%| F|  |TAMS 0x00000000da000000| PB 0x00000000da000000| Untracked |  0
| 417|0x00000000da100000, 0x00000000da100000, 0x00000000da200000|  0%| F|  |TAMS 0x00000000da100000| PB 0x00000000da100000| Untracked |  0
| 418|0x00000000da200000, 0x00000000da200000, 0x00000000da300000|  0%| F|  |TAMS 0x00000000da200000| PB 0x00000000da200000| Untracked |  0
| 419|0x00000000da300000, 0x00000000da300000, 0x00000000da400000|  0%| F|  |TAMS 0x00000000da300000| PB 0x00000000da300000| Untracked |  0
| 420|0x00000000da400000, 0x00000000da400000, 0x00000000da500000|  0%| F|  |TAMS 0x00000000da400000| PB 0x00000000da400000| Untracked |  0
| 421|0x00000000da500000, 0x00000000da500000, 0x00000000da600000|  0%| F|  |TAMS 0x00000000da500000| PB 0x00000000da500000| Untracked |  0
| 422|0x00000000da600000, 0x00000000da600000, 0x00000000da700000|  0%| F|  |TAMS 0x00000000da600000| PB 0x00000000da600000| Untracked |  0
| 423|0x00000000da700000, 0x00000000da700000, 0x00000000da800000|  0%| F|  |TAMS 0x00000000da700000| PB 0x00000000da700000| Untracked |  0
| 424|0x00000000da800000, 0x00000000da800000, 0x00000000da900000|  0%| F|  |TAMS 0x00000000da800000| PB 0x00000000da800000| Untracked |  0
| 425|0x00000000da900000, 0x00000000da900000, 0x00000000daa00000|  0%| F|  |TAMS 0x00000000da900000| PB 0x00000000da900000| Untracked |  0
| 426|0x00000000daa00000, 0x00000000daa00000, 0x00000000dab00000|  0%| F|  |TAMS 0x00000000daa00000| PB 0x00000000daa00000| Untracked |  0
| 427|0x00000000dab00000, 0x00000000dab00000, 0x00000000dac00000|  0%| F|  |TAMS 0x00000000dab00000| PB 0x00000000dab00000| Untracked |  0
| 428|0x00000000dac00000, 0x00000000dac00000, 0x00000000dad00000|  0%| F|  |TAMS 0x00000000dac00000| PB 0x00000000dac00000| Untracked |  0
| 429|0x00000000dad00000, 0x00000000dad00000, 0x00000000dae00000|  0%| F|  |TAMS 0x00000000dad00000| PB 0x00000000dad00000| Untracked |  0
| 430|0x00000000dae00000, 0x00000000dae00000, 0x00000000daf00000|  0%| F|  |TAMS 0x00000000dae00000| PB 0x00000000dae00000| Untracked |  0
| 431|0x00000000daf00000, 0x00000000daf00000, 0x00000000db000000|  0%| F|  |TAMS 0x00000000daf00000| PB 0x00000000daf00000| Untracked |  0
| 432|0x00000000db000000, 0x00000000db000000, 0x00000000db100000|  0%| F|  |TAMS 0x00000000db000000| PB 0x00000000db000000| Untracked |  0
| 433|0x00000000db100000, 0x00000000db100000, 0x00000000db200000|  0%| F|  |TAMS 0x00000000db100000| PB 0x00000000db100000| Untracked |  0
| 434|0x00000000db200000, 0x00000000db200000, 0x00000000db300000|  0%| F|  |TAMS 0x00000000db200000| PB 0x00000000db200000| Untracked |  0
| 435|0x00000000db300000, 0x00000000db300000, 0x00000000db400000|  0%| F|  |TAMS 0x00000000db300000| PB 0x00000000db300000| Untracked |  0
| 436|0x00000000db400000, 0x00000000db400000, 0x00000000db500000|  0%| F|  |TAMS 0x00000000db400000| PB 0x00000000db400000| Untracked |  0
| 437|0x00000000db500000, 0x00000000db500000, 0x00000000db600000|  0%| F|  |TAMS 0x00000000db500000| PB 0x00000000db500000| Untracked |  0
| 438|0x00000000db600000, 0x00000000db600000, 0x00000000db700000|  0%| F|  |TAMS 0x00000000db600000| PB 0x00000000db600000| Untracked |  0
| 439|0x00000000db700000, 0x00000000db700000, 0x00000000db800000|  0%| F|  |TAMS 0x00000000db700000| PB 0x00000000db700000| Untracked |  0
| 440|0x00000000db800000, 0x00000000db800000, 0x00000000db900000|  0%| F|  |TAMS 0x00000000db800000| PB 0x00000000db800000| Untracked |  0
| 441|0x00000000db900000, 0x00000000db900000, 0x00000000dba00000|  0%| F|  |TAMS 0x00000000db900000| PB 0x00000000db900000| Untracked |  0
| 442|0x00000000dba00000, 0x00000000dba00000, 0x00000000dbb00000|  0%| F|  |TAMS 0x00000000dba00000| PB 0x00000000dba00000| Untracked |  0
| 443|0x00000000dbb00000, 0x00000000dbb00000, 0x00000000dbc00000|  0%| F|  |TAMS 0x00000000dbb00000| PB 0x00000000dbb00000| Untracked |  0
| 444|0x00000000dbc00000, 0x00000000dbc00000, 0x00000000dbd00000|  0%| F|  |TAMS 0x00000000dbc00000| PB 0x00000000dbc00000| Untracked |  0
| 445|0x00000000dbd00000, 0x00000000dbd00000, 0x00000000dbe00000|  0%| F|  |TAMS 0x00000000dbd00000| PB 0x00000000dbd00000| Untracked |  0
| 446|0x00000000dbe00000, 0x00000000dbe00000, 0x00000000dbf00000|  0%| F|  |TAMS 0x00000000dbe00000| PB 0x00000000dbe00000| Untracked |  0
| 447|0x00000000dbf00000, 0x00000000dbf00000, 0x00000000dc000000|  0%| F|  |TAMS 0x00000000dbf00000| PB 0x00000000dbf00000| Untracked |  0
| 448|0x00000000dc000000, 0x00000000dc100000, 0x00000000dc100000|100%|HS|  |TAMS 0x00000000dc000000| PB 0x00000000dc000000| Complete |  0
| 449|0x00000000dc100000, 0x00000000dc200000, 0x00000000dc200000|100%|HC|  |TAMS 0x00000000dc100000| PB 0x00000000dc100000| Complete |  0
| 450|0x00000000dc200000, 0x00000000dc300000, 0x00000000dc300000|100%|HC|  |TAMS 0x00000000dc200000| PB 0x00000000dc200000| Complete |  0
| 451|0x00000000dc300000, 0x00000000dc400000, 0x00000000dc400000|100%|HC|  |TAMS 0x00000000dc300000| PB 0x00000000dc300000| Complete |  0
| 452|0x00000000dc400000, 0x00000000dc500000, 0x00000000dc500000|100%|HC|  |TAMS 0x00000000dc400000| PB 0x00000000dc400000| Complete |  0
| 453|0x00000000dc500000, 0x00000000dc600000, 0x00000000dc600000|100%|HC|  |TAMS 0x00000000dc500000| PB 0x00000000dc500000| Complete |  0
| 454|0x00000000dc600000, 0x00000000dc700000, 0x00000000dc700000|100%|HC|  |TAMS 0x00000000dc600000| PB 0x00000000dc600000| Complete |  0
| 455|0x00000000dc700000, 0x00000000dc800000, 0x00000000dc800000|100%|HC|  |TAMS 0x00000000dc700000| PB 0x00000000dc700000| Complete |  0
| 456|0x00000000dc800000, 0x00000000dc900000, 0x00000000dc900000|100%|HC|  |TAMS 0x00000000dc800000| PB 0x00000000dc800000| Complete |  0
| 457|0x00000000dc900000, 0x00000000dca00000, 0x00000000dca00000|100%|HC|  |TAMS 0x00000000dc900000| PB 0x00000000dc900000| Complete |  0
| 458|0x00000000dca00000, 0x00000000dcb00000, 0x00000000dcb00000|100%|HC|  |TAMS 0x00000000dca00000| PB 0x00000000dca00000| Complete |  0
| 459|0x00000000dcb00000, 0x00000000dcc00000, 0x00000000dcc00000|100%|HC|  |TAMS 0x00000000dcb00000| PB 0x00000000dcb00000| Complete |  0
| 460|0x00000000dcc00000, 0x00000000dcd00000, 0x00000000dcd00000|100%|HC|  |TAMS 0x00000000dcc00000| PB 0x00000000dcc00000| Complete |  0
| 461|0x00000000dcd00000, 0x00000000dce00000, 0x00000000dce00000|100%|HC|  |TAMS 0x00000000dcd00000| PB 0x00000000dcd00000| Complete |  0
| 462|0x00000000dce00000, 0x00000000dcf00000, 0x00000000dcf00000|100%|HC|  |TAMS 0x00000000dce00000| PB 0x00000000dce00000| Complete |  0
| 463|0x00000000dcf00000, 0x00000000dd000000, 0x00000000dd000000|100%|HC|  |TAMS 0x00000000dcf00000| PB 0x00000000dcf00000| Complete |  0
| 464|0x00000000dd000000, 0x00000000dd100000, 0x00000000dd100000|100%|HC|  |TAMS 0x00000000dd000000| PB 0x00000000dd000000| Complete |  0
| 465|0x00000000dd100000, 0x00000000dd200000, 0x00000000dd200000|100%|HC|  |TAMS 0x00000000dd100000| PB 0x00000000dd100000| Complete |  0
| 466|0x00000000dd200000, 0x00000000dd300000, 0x00000000dd300000|100%|HC|  |TAMS 0x00000000dd200000| PB 0x00000000dd200000| Complete |  0
| 467|0x00000000dd300000, 0x00000000dd400000, 0x00000000dd400000|100%|HC|  |TAMS 0x00000000dd300000| PB 0x00000000dd300000| Complete |  0
| 468|0x00000000dd400000, 0x00000000dd500000, 0x00000000dd500000|100%|HC|  |TAMS 0x00000000dd400000| PB 0x00000000dd400000| Complete |  0
| 469|0x00000000dd500000, 0x00000000dd600000, 0x00000000dd600000|100%|HC|  |TAMS 0x00000000dd500000| PB 0x00000000dd500000| Complete |  0
| 470|0x00000000dd600000, 0x00000000dd700000, 0x00000000dd700000|100%|HC|  |TAMS 0x00000000dd600000| PB 0x00000000dd600000| Complete |  0
| 471|0x00000000dd700000, 0x00000000dd800000, 0x00000000dd800000|100%|HC|  |TAMS 0x00000000dd700000| PB 0x00000000dd700000| Complete |  0
| 472|0x00000000dd800000, 0x00000000dd900000, 0x00000000dd900000|100%|HC|  |TAMS 0x00000000dd800000| PB 0x00000000dd800000| Complete |  0
| 473|0x00000000dd900000, 0x00000000dda00000, 0x00000000dda00000|100%|HC|  |TAMS 0x00000000dd900000| PB 0x00000000dd900000| Complete |  0
| 474|0x00000000dda00000, 0x00000000ddb00000, 0x00000000ddb00000|100%|HC|  |TAMS 0x00000000dda00000| PB 0x00000000dda00000| Complete |  0
| 475|0x00000000ddb00000, 0x00000000ddc00000, 0x00000000ddc00000|100%|HC|  |TAMS 0x00000000ddb00000| PB 0x00000000ddb00000| Complete |  0
| 476|0x00000000ddc00000, 0x00000000ddd00000, 0x00000000ddd00000|100%|HC|  |TAMS 0x00000000ddc00000| PB 0x00000000ddc00000| Complete |  0
| 477|0x00000000ddd00000, 0x00000000dde00000, 0x00000000dde00000|100%|HC|  |TAMS 0x00000000ddd00000| PB 0x00000000ddd00000| Complete |  0
| 478|0x00000000dde00000, 0x00000000ddf00000, 0x00000000ddf00000|100%|HC|  |TAMS 0x00000000dde00000| PB 0x00000000dde00000| Complete |  0
| 479|0x00000000ddf00000, 0x00000000de000000, 0x00000000de000000|100%|HC|  |TAMS 0x00000000ddf00000| PB 0x00000000ddf00000| Complete |  0
| 480|0x00000000de000000, 0x00000000de000000, 0x00000000de100000|  0%| F|  |TAMS 0x00000000de000000| PB 0x00000000de000000| Untracked |  0
| 481|0x00000000de100000, 0x00000000de100000, 0x00000000de200000|  0%| F|  |TAMS 0x00000000de100000| PB 0x00000000de100000| Untracked |  0
| 482|0x00000000de200000, 0x00000000de200000, 0x00000000de300000|  0%| F|  |TAMS 0x00000000de200000| PB 0x00000000de200000| Untracked |  0
| 483|0x00000000de300000, 0x00000000de300000, 0x00000000de400000|  0%| F|  |TAMS 0x00000000de300000| PB 0x00000000de300000| Untracked |  0
| 484|0x00000000de400000, 0x00000000de400000, 0x00000000de500000|  0%| F|  |TAMS 0x00000000de400000| PB 0x00000000de400000| Untracked |  0
| 485|0x00000000de500000, 0x00000000de500000, 0x00000000de600000|  0%| F|  |TAMS 0x00000000de500000| PB 0x00000000de500000| Untracked |  0
| 486|0x00000000de600000, 0x00000000de600000, 0x00000000de700000|  0%| F|  |TAMS 0x00000000de600000| PB 0x00000000de600000| Untracked |  0
| 487|0x00000000de700000, 0x00000000de700000, 0x00000000de800000|  0%| F|  |TAMS 0x00000000de700000| PB 0x00000000de700000| Untracked |  0
| 488|0x00000000de800000, 0x00000000de800000, 0x00000000de900000|  0%| F|  |TAMS 0x00000000de800000| PB 0x00000000de800000| Untracked |  0
| 489|0x00000000de900000, 0x00000000de900000, 0x00000000dea00000|  0%| F|  |TAMS 0x00000000de900000| PB 0x00000000de900000| Untracked |  0
| 490|0x00000000dea00000, 0x00000000dea00000, 0x00000000deb00000|  0%| F|  |TAMS 0x00000000dea00000| PB 0x00000000dea00000| Untracked |  0
| 491|0x00000000deb00000, 0x00000000deb00000, 0x00000000dec00000|  0%| F|  |TAMS 0x00000000deb00000| PB 0x00000000deb00000| Untracked |  0
| 492|0x00000000dec00000, 0x00000000dec00000, 0x00000000ded00000|  0%| F|  |TAMS 0x00000000dec00000| PB 0x00000000dec00000| Untracked |  0
| 493|0x00000000ded00000, 0x00000000ded00000, 0x00000000dee00000|  0%| F|  |TAMS 0x00000000ded00000| PB 0x00000000ded00000| Untracked |  0
| 494|0x00000000dee00000, 0x00000000dee00000, 0x00000000def00000|  0%| F|  |TAMS 0x00000000dee00000| PB 0x00000000dee00000| Untracked |  0
| 495|0x00000000def00000, 0x00000000def00000, 0x00000000df000000|  0%| F|  |TAMS 0x00000000def00000| PB 0x00000000def00000| Untracked |  0
| 496|0x00000000df000000, 0x00000000df000000, 0x00000000df100000|  0%| F|  |TAMS 0x00000000df000000| PB 0x00000000df000000| Untracked |  0
| 497|0x00000000df100000, 0x00000000df100000, 0x00000000df200000|  0%| F|  |TAMS 0x00000000df100000| PB 0x00000000df100000| Untracked |  0
| 498|0x00000000df200000, 0x00000000df200000, 0x00000000df300000|  0%| F|  |TAMS 0x00000000df200000| PB 0x00000000df200000| Untracked |  0
| 499|0x00000000df300000, 0x00000000df300000, 0x00000000df400000|  0%| F|  |TAMS 0x00000000df300000| PB 0x00000000df300000| Untracked |  0
| 500|0x00000000df400000, 0x00000000df400000, 0x00000000df500000|  0%| F|  |TAMS 0x00000000df400000| PB 0x00000000df400000| Untracked |  0
| 501|0x00000000df500000, 0x00000000df500000, 0x00000000df600000|  0%| F|  |TAMS 0x00000000df500000| PB 0x00000000df500000| Untracked |  0
| 502|0x00000000df600000, 0x00000000df600000, 0x00000000df700000|  0%| F|  |TAMS 0x00000000df600000| PB 0x00000000df600000| Untracked |  0
| 503|0x00000000df700000, 0x00000000df700000, 0x00000000df800000|  0%| F|  |TAMS 0x00000000df700000| PB 0x00000000df700000| Untracked |  0
| 504|0x00000000df800000, 0x00000000df800000, 0x00000000df900000|  0%| F|  |TAMS 0x00000000df800000| PB 0x00000000df800000| Untracked |  0
| 505|0x00000000df900000, 0x00000000df900000, 0x00000000dfa00000|  0%| F|  |TAMS 0x00000000df900000| PB 0x00000000df900000| Untracked |  0
| 506|0x00000000dfa00000, 0x00000000dfb00000, 0x00000000dfb00000|100%|HS|  |TAMS 0x00000000dfa00000| PB 0x00000000dfa00000| Complete |  0
| 507|0x00000000dfb00000, 0x00000000dfc00000, 0x00000000dfc00000|100%|HC|  |TAMS 0x00000000dfb00000| PB 0x00000000dfb00000| Complete |  0
| 508|0x00000000dfc00000, 0x00000000dfc00000, 0x00000000dfd00000|  0%| F|  |TAMS 0x00000000dfc00000| PB 0x00000000dfc00000| Untracked |  0
| 509|0x00000000dfd00000, 0x00000000dfd00000, 0x00000000dfe00000|  0%| F|  |TAMS 0x00000000dfd00000| PB 0x00000000dfd00000| Untracked |  0
| 510|0x00000000dfe00000, 0x00000000dfe00000, 0x00000000dff00000|  0%| F|  |TAMS 0x00000000dfe00000| PB 0x00000000dfe00000| Untracked |  0
| 511|0x00000000dff00000, 0x00000000dff00000, 0x00000000e0000000|  0%| F|  |TAMS 0x00000000dff00000| PB 0x00000000dff00000| Untracked |  0
| 512|0x00000000e0000000, 0x00000000e0000000, 0x00000000e0100000|  0%| F|  |TAMS 0x00000000e0000000| PB 0x00000000e0000000| Untracked |  0
| 513|0x00000000e0100000, 0x00000000e0100000, 0x00000000e0200000|  0%| F|  |TAMS 0x00000000e0100000| PB 0x00000000e0100000| Untracked |  0
| 514|0x00000000e0200000, 0x00000000e0200000, 0x00000000e0300000|  0%| F|  |TAMS 0x00000000e0200000| PB 0x00000000e0200000| Untracked |  0
| 515|0x00000000e0300000, 0x00000000e0300000, 0x00000000e0400000|  0%| F|  |TAMS 0x00000000e0300000| PB 0x00000000e0300000| Untracked |  0
| 516|0x00000000e0400000, 0x00000000e0400000, 0x00000000e0500000|  0%| F|  |TAMS 0x00000000e0400000| PB 0x00000000e0400000| Untracked |  0
| 517|0x00000000e0500000, 0x00000000e0500000, 0x00000000e0600000|  0%| F|  |TAMS 0x00000000e0500000| PB 0x00000000e0500000| Untracked |  0
| 518|0x00000000e0600000, 0x00000000e0600000, 0x00000000e0700000|  0%| F|  |TAMS 0x00000000e0600000| PB 0x00000000e0600000| Untracked |  0
| 519|0x00000000e0700000, 0x00000000e0700000, 0x00000000e0800000|  0%| F|  |TAMS 0x00000000e0700000| PB 0x00000000e0700000| Untracked |  0
| 520|0x00000000e0800000, 0x00000000e0800000, 0x00000000e0900000|  0%| F|  |TAMS 0x00000000e0800000| PB 0x00000000e0800000| Untracked |  0
| 521|0x00000000e0900000, 0x00000000e0900000, 0x00000000e0a00000|  0%| F|  |TAMS 0x00000000e0900000| PB 0x00000000e0900000| Untracked |  0
| 522|0x00000000e0a00000, 0x00000000e0a00000, 0x00000000e0b00000|  0%| F|  |TAMS 0x00000000e0a00000| PB 0x00000000e0a00000| Untracked |  0
| 523|0x00000000e0b00000, 0x00000000e0b00000, 0x00000000e0c00000|  0%| F|  |TAMS 0x00000000e0b00000| PB 0x00000000e0b00000| Untracked |  0
| 524|0x00000000e0c00000, 0x00000000e0c00000, 0x00000000e0d00000|  0%| F|  |TAMS 0x00000000e0c00000| PB 0x00000000e0c00000| Untracked |  0
| 525|0x00000000e0d00000, 0x00000000e0d00000, 0x00000000e0e00000|  0%| F|  |TAMS 0x00000000e0d00000| PB 0x00000000e0d00000| Untracked |  0
| 526|0x00000000e0e00000, 0x00000000e0e00000, 0x00000000e0f00000|  0%| F|  |TAMS 0x00000000e0e00000| PB 0x00000000e0e00000| Untracked |  0
| 527|0x00000000e0f00000, 0x00000000e0f00000, 0x00000000e1000000|  0%| F|  |TAMS 0x00000000e0f00000| PB 0x00000000e0f00000| Untracked |  0
| 528|0x00000000e1000000, 0x00000000e1000000, 0x00000000e1100000|  0%| F|  |TAMS 0x00000000e1000000| PB 0x00000000e1000000| Untracked |  0
| 529|0x00000000e1100000, 0x00000000e1100000, 0x00000000e1200000|  0%| F|  |TAMS 0x00000000e1100000| PB 0x00000000e1100000| Untracked |  0
| 530|0x00000000e1200000, 0x00000000e1200000, 0x00000000e1300000|  0%| F|  |TAMS 0x00000000e1200000| PB 0x00000000e1200000| Untracked |  0
| 531|0x00000000e1300000, 0x00000000e1300000, 0x00000000e1400000|  0%| F|  |TAMS 0x00000000e1300000| PB 0x00000000e1300000| Untracked |  0
| 532|0x00000000e1400000, 0x00000000e1400000, 0x00000000e1500000|  0%| F|  |TAMS 0x00000000e1400000| PB 0x00000000e1400000| Untracked |  0
| 533|0x00000000e1500000, 0x00000000e1500000, 0x00000000e1600000|  0%| F|  |TAMS 0x00000000e1500000| PB 0x00000000e1500000| Untracked |  0
| 534|0x00000000e1600000, 0x00000000e1600000, 0x00000000e1700000|  0%| F|  |TAMS 0x00000000e1600000| PB 0x00000000e1600000| Untracked |  0
| 535|0x00000000e1700000, 0x00000000e1700000, 0x00000000e1800000|  0%| F|  |TAMS 0x00000000e1700000| PB 0x00000000e1700000| Untracked |  0
| 536|0x00000000e1800000, 0x00000000e1800000, 0x00000000e1900000|  0%| F|  |TAMS 0x00000000e1800000| PB 0x00000000e1800000| Untracked |  0
| 537|0x00000000e1900000, 0x00000000e1900000, 0x00000000e1a00000|  0%| F|  |TAMS 0x00000000e1900000| PB 0x00000000e1900000| Untracked |  0
| 538|0x00000000e1a00000, 0x00000000e1a00000, 0x00000000e1b00000|  0%| F|  |TAMS 0x00000000e1a00000| PB 0x00000000e1a00000| Untracked |  0
| 539|0x00000000e1b00000, 0x00000000e1b00000, 0x00000000e1c00000|  0%| F|  |TAMS 0x00000000e1b00000| PB 0x00000000e1b00000| Untracked |  0
| 540|0x00000000e1c00000, 0x00000000e1c00000, 0x00000000e1d00000|  0%| F|  |TAMS 0x00000000e1c00000| PB 0x00000000e1c00000| Untracked |  0
| 541|0x00000000e1d00000, 0x00000000e1d00000, 0x00000000e1e00000|  0%| F|  |TAMS 0x00000000e1d00000| PB 0x00000000e1d00000| Untracked |  0
| 542|0x00000000e1e00000, 0x00000000e1e00000, 0x00000000e1f00000|  0%| F|  |TAMS 0x00000000e1e00000| PB 0x00000000e1e00000| Untracked |  0
| 543|0x00000000e1f00000, 0x00000000e1f00000, 0x00000000e2000000|  0%| F|  |TAMS 0x00000000e1f00000| PB 0x00000000e1f00000| Untracked |  0
| 544|0x00000000e2000000, 0x00000000e2000000, 0x00000000e2100000|  0%| F|  |TAMS 0x00000000e2000000| PB 0x00000000e2000000| Untracked |  0
| 545|0x00000000e2100000, 0x00000000e2100000, 0x00000000e2200000|  0%| F|  |TAMS 0x00000000e2100000| PB 0x00000000e2100000| Untracked |  0
| 546|0x00000000e2200000, 0x00000000e2200000, 0x00000000e2300000|  0%| F|  |TAMS 0x00000000e2200000| PB 0x00000000e2200000| Untracked |  0
| 547|0x00000000e2300000, 0x00000000e2300000, 0x00000000e2400000|  0%| F|  |TAMS 0x00000000e2300000| PB 0x00000000e2300000| Untracked |  0
| 548|0x00000000e2400000, 0x00000000e2400000, 0x00000000e2500000|  0%| F|  |TAMS 0x00000000e2400000| PB 0x00000000e2400000| Untracked |  0
| 549|0x00000000e2500000, 0x00000000e2500000, 0x00000000e2600000|  0%| F|  |TAMS 0x00000000e2500000| PB 0x00000000e2500000| Untracked |  0
| 550|0x00000000e2600000, 0x00000000e2600000, 0x00000000e2700000|  0%| F|  |TAMS 0x00000000e2600000| PB 0x00000000e2600000| Untracked |  0
| 551|0x00000000e2700000, 0x00000000e2700000, 0x00000000e2800000|  0%| F|  |TAMS 0x00000000e2700000| PB 0x00000000e2700000| Untracked |  0
| 552|0x00000000e2800000, 0x00000000e2800000, 0x00000000e2900000|  0%| F|  |TAMS 0x00000000e2800000| PB 0x00000000e2800000| Untracked |  0
| 553|0x00000000e2900000, 0x00000000e2900000, 0x00000000e2a00000|  0%| F|  |TAMS 0x00000000e2900000| PB 0x00000000e2900000| Untracked |  0
| 554|0x00000000e2a00000, 0x00000000e2a00000, 0x00000000e2b00000|  0%| F|  |TAMS 0x00000000e2a00000| PB 0x00000000e2a00000| Untracked |  0
| 555|0x00000000e2b00000, 0x00000000e2b00000, 0x00000000e2c00000|  0%| F|  |TAMS 0x00000000e2b00000| PB 0x00000000e2b00000| Untracked |  0
| 556|0x00000000e2c00000, 0x00000000e2c00000, 0x00000000e2d00000|  0%| F|  |TAMS 0x00000000e2c00000| PB 0x00000000e2c00000| Untracked |  0
| 557|0x00000000e2d00000, 0x00000000e2d00000, 0x00000000e2e00000|  0%| F|  |TAMS 0x00000000e2d00000| PB 0x00000000e2d00000| Untracked |  0
| 558|0x00000000e2e00000, 0x00000000e2e00000, 0x00000000e2f00000|  0%| F|  |TAMS 0x00000000e2e00000| PB 0x00000000e2e00000| Untracked |  0
| 559|0x00000000e2f00000, 0x00000000e2f00000, 0x00000000e3000000|  0%| F|  |TAMS 0x00000000e2f00000| PB 0x00000000e2f00000| Untracked |  0
| 560|0x00000000e3000000, 0x00000000e3000000, 0x00000000e3100000|  0%| F|  |TAMS 0x00000000e3000000| PB 0x00000000e3000000| Untracked |  0
| 561|0x00000000e3100000, 0x00000000e3100000, 0x00000000e3200000|  0%| F|  |TAMS 0x00000000e3100000| PB 0x00000000e3100000| Untracked |  0
| 562|0x00000000e3200000, 0x00000000e3200000, 0x00000000e3300000|  0%| F|  |TAMS 0x00000000e3200000| PB 0x00000000e3200000| Untracked |  0
| 563|0x00000000e3300000, 0x00000000e3300000, 0x00000000e3400000|  0%| F|  |TAMS 0x00000000e3300000| PB 0x00000000e3300000| Untracked |  0
| 564|0x00000000e3400000, 0x00000000e3400000, 0x00000000e3500000|  0%| F|  |TAMS 0x00000000e3400000| PB 0x00000000e3400000| Untracked |  0
| 565|0x00000000e3500000, 0x00000000e3500000, 0x00000000e3600000|  0%| F|  |TAMS 0x00000000e3500000| PB 0x00000000e3500000| Untracked |  0
| 566|0x00000000e3600000, 0x00000000e3600000, 0x00000000e3700000|  0%| F|  |TAMS 0x00000000e3600000| PB 0x00000000e3600000| Untracked |  0
| 567|0x00000000e3700000, 0x00000000e3700000, 0x00000000e3800000|  0%| F|  |TAMS 0x00000000e3700000| PB 0x00000000e3700000| Untracked |  0
| 568|0x00000000e3800000, 0x00000000e3800000, 0x00000000e3900000|  0%| F|  |TAMS 0x00000000e3800000| PB 0x00000000e3800000| Untracked |  0
| 569|0x00000000e3900000, 0x00000000e3900000, 0x00000000e3a00000|  0%| F|  |TAMS 0x00000000e3900000| PB 0x00000000e3900000| Untracked |  0
| 570|0x00000000e3a00000, 0x00000000e3a00000, 0x00000000e3b00000|  0%| F|  |TAMS 0x00000000e3a00000| PB 0x00000000e3a00000| Untracked |  0
| 571|0x00000000e3b00000, 0x00000000e3b00000, 0x00000000e3c00000|  0%| F|  |TAMS 0x00000000e3b00000| PB 0x00000000e3b00000| Untracked |  0
| 572|0x00000000e3c00000, 0x00000000e3c00000, 0x00000000e3d00000|  0%| F|  |TAMS 0x00000000e3c00000| PB 0x00000000e3c00000| Untracked |  0
| 573|0x00000000e3d00000, 0x00000000e3d00000, 0x00000000e3e00000|  0%| F|  |TAMS 0x00000000e3d00000| PB 0x00000000e3d00000| Untracked |  0
| 574|0x00000000e3e00000, 0x00000000e3e00000, 0x00000000e3f00000|  0%| F|  |TAMS 0x00000000e3e00000| PB 0x00000000e3e00000| Untracked |  0
| 575|0x00000000e3f00000, 0x00000000e3f00000, 0x00000000e4000000|  0%| F|  |TAMS 0x00000000e3f00000| PB 0x00000000e3f00000| Untracked |  0
| 576|0x00000000e4000000, 0x00000000e4000000, 0x00000000e4100000|  0%| F|  |TAMS 0x00000000e4000000| PB 0x00000000e4000000| Untracked |  0
| 577|0x00000000e4100000, 0x00000000e4100000, 0x00000000e4200000|  0%| F|  |TAMS 0x00000000e4100000| PB 0x00000000e4100000| Untracked |  0
| 578|0x00000000e4200000, 0x00000000e4200000, 0x00000000e4300000|  0%| F|  |TAMS 0x00000000e4200000| PB 0x00000000e4200000| Untracked |  0
| 579|0x00000000e4300000, 0x00000000e4300000, 0x00000000e4400000|  0%| F|  |TAMS 0x00000000e4300000| PB 0x00000000e4300000| Untracked |  0
| 580|0x00000000e4400000, 0x00000000e4400000, 0x00000000e4500000|  0%| F|  |TAMS 0x00000000e4400000| PB 0x00000000e4400000| Untracked |  0
| 581|0x00000000e4500000, 0x00000000e4500000, 0x00000000e4600000|  0%| F|  |TAMS 0x00000000e4500000| PB 0x00000000e4500000| Untracked |  0
| 582|0x00000000e4600000, 0x00000000e4600000, 0x00000000e4700000|  0%| F|  |TAMS 0x00000000e4600000| PB 0x00000000e4600000| Untracked |  0
| 583|0x00000000e4700000, 0x00000000e4700000, 0x00000000e4800000|  0%| F|  |TAMS 0x00000000e4700000| PB 0x00000000e4700000| Untracked |  0
| 584|0x00000000e4800000, 0x00000000e4800000, 0x00000000e4900000|  0%| F|  |TAMS 0x00000000e4800000| PB 0x00000000e4800000| Untracked |  0
| 585|0x00000000e4900000, 0x00000000e4900000, 0x00000000e4a00000|  0%| F|  |TAMS 0x00000000e4900000| PB 0x00000000e4900000| Untracked |  0
| 586|0x00000000e4a00000, 0x00000000e4a00000, 0x00000000e4b00000|  0%| F|  |TAMS 0x00000000e4a00000| PB 0x00000000e4a00000| Untracked |  0
| 587|0x00000000e4b00000, 0x00000000e4b00000, 0x00000000e4c00000|  0%| F|  |TAMS 0x00000000e4b00000| PB 0x00000000e4b00000| Untracked |  0
| 588|0x00000000e4c00000, 0x00000000e4c00000, 0x00000000e4d00000|  0%| F|  |TAMS 0x00000000e4c00000| PB 0x00000000e4c00000| Untracked |  0
| 589|0x00000000e4d00000, 0x00000000e4d00000, 0x00000000e4e00000|  0%| F|  |TAMS 0x00000000e4d00000| PB 0x00000000e4d00000| Untracked |  0
| 590|0x00000000e4e00000, 0x00000000e4e00000, 0x00000000e4f00000|  0%| F|  |TAMS 0x00000000e4e00000| PB 0x00000000e4e00000| Untracked |  0
| 591|0x00000000e4f00000, 0x00000000e4f00000, 0x00000000e5000000|  0%| F|  |TAMS 0x00000000e4f00000| PB 0x00000000e4f00000| Untracked |  0
| 592|0x00000000e5000000, 0x00000000e5000000, 0x00000000e5100000|  0%| F|  |TAMS 0x00000000e5000000| PB 0x00000000e5000000| Untracked |  0
| 593|0x00000000e5100000, 0x00000000e5100000, 0x00000000e5200000|  0%| F|  |TAMS 0x00000000e5100000| PB 0x00000000e5100000| Untracked |  0
| 594|0x00000000e5200000, 0x00000000e5200000, 0x00000000e5300000|  0%| F|  |TAMS 0x00000000e5200000| PB 0x00000000e5200000| Untracked |  0
| 595|0x00000000e5300000, 0x00000000e5300000, 0x00000000e5400000|  0%| F|  |TAMS 0x00000000e5300000| PB 0x00000000e5300000| Untracked |  0
| 596|0x00000000e5400000, 0x00000000e5400000, 0x00000000e5500000|  0%| F|  |TAMS 0x00000000e5400000| PB 0x00000000e5400000| Untracked |  0
| 597|0x00000000e5500000, 0x00000000e5500000, 0x00000000e5600000|  0%| F|  |TAMS 0x00000000e5500000| PB 0x00000000e5500000| Untracked |  0
| 598|0x00000000e5600000, 0x00000000e5600000, 0x00000000e5700000|  0%| F|  |TAMS 0x00000000e5600000| PB 0x00000000e5600000| Untracked |  0
| 599|0x00000000e5700000, 0x00000000e5700000, 0x00000000e5800000|  0%| F|  |TAMS 0x00000000e5700000| PB 0x00000000e5700000| Untracked |  0
| 600|0x00000000e5800000, 0x00000000e5800000, 0x00000000e5900000|  0%| F|  |TAMS 0x00000000e5800000| PB 0x00000000e5800000| Untracked |  0
| 601|0x00000000e5900000, 0x00000000e5900000, 0x00000000e5a00000|  0%| F|  |TAMS 0x00000000e5900000| PB 0x00000000e5900000| Untracked |  0
| 602|0x00000000e5a00000, 0x00000000e5a00000, 0x00000000e5b00000|  0%| F|  |TAMS 0x00000000e5a00000| PB 0x00000000e5a00000| Untracked |  0
| 603|0x00000000e5b00000, 0x00000000e5b00000, 0x00000000e5c00000|  0%| F|  |TAMS 0x00000000e5b00000| PB 0x00000000e5b00000| Untracked |  0
| 604|0x00000000e5c00000, 0x00000000e5c00000, 0x00000000e5d00000|  0%| F|  |TAMS 0x00000000e5c00000| PB 0x00000000e5c00000| Untracked |  0
| 605|0x00000000e5d00000, 0x00000000e5d00000, 0x00000000e5e00000|  0%| F|  |TAMS 0x00000000e5d00000| PB 0x00000000e5d00000| Untracked |  0
| 606|0x00000000e5e00000, 0x00000000e5e00000, 0x00000000e5f00000|  0%| F|  |TAMS 0x00000000e5e00000| PB 0x00000000e5e00000| Untracked |  0
| 607|0x00000000e5f00000, 0x00000000e5f00000, 0x00000000e6000000|  0%| F|  |TAMS 0x00000000e5f00000| PB 0x00000000e5f00000| Untracked |  0
| 608|0x00000000e6000000, 0x00000000e6000000, 0x00000000e6100000|  0%| F|  |TAMS 0x00000000e6000000| PB 0x00000000e6000000| Untracked |  0
| 609|0x00000000e6100000, 0x00000000e6100000, 0x00000000e6200000|  0%| F|  |TAMS 0x00000000e6100000| PB 0x00000000e6100000| Untracked |  0
| 610|0x00000000e6200000, 0x00000000e6200000, 0x00000000e6300000|  0%| F|  |TAMS 0x00000000e6200000| PB 0x00000000e6200000| Untracked |  0
| 611|0x00000000e6300000, 0x00000000e6300000, 0x00000000e6400000|  0%| F|  |TAMS 0x00000000e6300000| PB 0x00000000e6300000| Untracked |  0
| 612|0x00000000e6400000, 0x00000000e6400000, 0x00000000e6500000|  0%| F|  |TAMS 0x00000000e6400000| PB 0x00000000e6400000| Untracked |  0
| 613|0x00000000e6500000, 0x00000000e6500000, 0x00000000e6600000|  0%| F|  |TAMS 0x00000000e6500000| PB 0x00000000e6500000| Untracked |  0
| 614|0x00000000e6600000, 0x00000000e6600000, 0x00000000e6700000|  0%| F|  |TAMS 0x00000000e6600000| PB 0x00000000e6600000| Untracked |  0
| 615|0x00000000e6700000, 0x00000000e6700000, 0x00000000e6800000|  0%| F|  |TAMS 0x00000000e6700000| PB 0x00000000e6700000| Untracked |  0
| 616|0x00000000e6800000, 0x00000000e6800000, 0x00000000e6900000|  0%| F|  |TAMS 0x00000000e6800000| PB 0x00000000e6800000| Untracked |  0
| 617|0x00000000e6900000, 0x00000000e6900000, 0x00000000e6a00000|  0%| F|  |TAMS 0x00000000e6900000| PB 0x00000000e6900000| Untracked |  0
| 618|0x00000000e6a00000, 0x00000000e6a00000, 0x00000000e6b00000|  0%| F|  |TAMS 0x00000000e6a00000| PB 0x00000000e6a00000| Untracked |  0
| 619|0x00000000e6b00000, 0x00000000e6b00000, 0x00000000e6c00000|  0%| F|  |TAMS 0x00000000e6b00000| PB 0x00000000e6b00000| Untracked |  0
| 620|0x00000000e6c00000, 0x00000000e6c00000, 0x00000000e6d00000|  0%| F|  |TAMS 0x00000000e6c00000| PB 0x00000000e6c00000| Untracked |  0
| 621|0x00000000e6d00000, 0x00000000e6d00000, 0x00000000e6e00000|  0%| F|  |TAMS 0x00000000e6d00000| PB 0x00000000e6d00000| Untracked |  0
| 622|0x00000000e6e00000, 0x00000000e6e00000, 0x00000000e6f00000|  0%| F|  |TAMS 0x00000000e6e00000| PB 0x00000000e6e00000| Untracked |  0
| 623|0x00000000e6f00000, 0x00000000e6f00000, 0x00000000e7000000|  0%| F|  |TAMS 0x00000000e6f00000| PB 0x00000000e6f00000| Untracked |  0
| 624|0x00000000e7000000, 0x00000000e7000000, 0x00000000e7100000|  0%| F|  |TAMS 0x00000000e7000000| PB 0x00000000e7000000| Untracked |  0
| 625|0x00000000e7100000, 0x00000000e7100000, 0x00000000e7200000|  0%| F|  |TAMS 0x00000000e7100000| PB 0x00000000e7100000| Untracked |  0
| 626|0x00000000e7200000, 0x00000000e7200000, 0x00000000e7300000|  0%| F|  |TAMS 0x00000000e7200000| PB 0x00000000e7200000| Untracked |  0
| 627|0x00000000e7300000, 0x00000000e7300000, 0x00000000e7400000|  0%| F|  |TAMS 0x00000000e7300000| PB 0x00000000e7300000| Untracked |  0
| 628|0x00000000e7400000, 0x00000000e7400000, 0x00000000e7500000|  0%| F|  |TAMS 0x00000000e7400000| PB 0x00000000e7400000| Untracked |  0
| 629|0x00000000e7500000, 0x00000000e7500000, 0x00000000e7600000|  0%| F|  |TAMS 0x00000000e7500000| PB 0x00000000e7500000| Untracked |  0
| 630|0x00000000e7600000, 0x00000000e7600000, 0x00000000e7700000|  0%| F|  |TAMS 0x00000000e7600000| PB 0x00000000e7600000| Untracked |  0
| 631|0x00000000e7700000, 0x00000000e7700000, 0x00000000e7800000|  0%| F|  |TAMS 0x00000000e7700000| PB 0x00000000e7700000| Untracked |  0
| 632|0x00000000e7800000, 0x00000000e7800000, 0x00000000e7900000|  0%| F|  |TAMS 0x00000000e7800000| PB 0x00000000e7800000| Untracked |  0
| 633|0x00000000e7900000, 0x00000000e7900000, 0x00000000e7a00000|  0%| F|  |TAMS 0x00000000e7900000| PB 0x00000000e7900000| Untracked |  0
| 634|0x00000000e7a00000, 0x00000000e7a00000, 0x00000000e7b00000|  0%| F|  |TAMS 0x00000000e7a00000| PB 0x00000000e7a00000| Untracked |  0
| 635|0x00000000e7b00000, 0x00000000e7b00000, 0x00000000e7c00000|  0%| F|  |TAMS 0x00000000e7b00000| PB 0x00000000e7b00000| Untracked |  0
| 636|0x00000000e7c00000, 0x00000000e7c00000, 0x00000000e7d00000|  0%| F|  |TAMS 0x00000000e7c00000| PB 0x00000000e7c00000| Untracked |  0
| 637|0x00000000e7d00000, 0x00000000e7d00000, 0x00000000e7e00000|  0%| F|  |TAMS 0x00000000e7d00000| PB 0x00000000e7d00000| Untracked |  0
| 638|0x00000000e7e00000, 0x00000000e7e00000, 0x00000000e7f00000|  0%| F|  |TAMS 0x00000000e7e00000| PB 0x00000000e7e00000| Untracked |  0
| 639|0x00000000e7f00000, 0x00000000e7f00000, 0x00000000e8000000|  0%| F|  |TAMS 0x00000000e7f00000| PB 0x00000000e7f00000| Untracked |  0
| 640|0x00000000e8000000, 0x00000000e8000000, 0x00000000e8100000|  0%| F|  |TAMS 0x00000000e8000000| PB 0x00000000e8000000| Untracked |  0
| 641|0x00000000e8100000, 0x00000000e8100000, 0x00000000e8200000|  0%| F|  |TAMS 0x00000000e8100000| PB 0x00000000e8100000| Untracked |  0
| 642|0x00000000e8200000, 0x00000000e8200000, 0x00000000e8300000|  0%| F|  |TAMS 0x00000000e8200000| PB 0x00000000e8200000| Untracked |  0
| 643|0x00000000e8300000, 0x00000000e8300000, 0x00000000e8400000|  0%| F|  |TAMS 0x00000000e8300000| PB 0x00000000e8300000| Untracked |  0
| 644|0x00000000e8400000, 0x00000000e8400000, 0x00000000e8500000|  0%| F|  |TAMS 0x00000000e8400000| PB 0x00000000e8400000| Untracked |  0
| 645|0x00000000e8500000, 0x00000000e8500000, 0x00000000e8600000|  0%| F|  |TAMS 0x00000000e8500000| PB 0x00000000e8500000| Untracked |  0
| 646|0x00000000e8600000, 0x00000000e8600000, 0x00000000e8700000|  0%| F|  |TAMS 0x00000000e8600000| PB 0x00000000e8600000| Untracked |  0
| 647|0x00000000e8700000, 0x00000000e8700000, 0x00000000e8800000|  0%| F|  |TAMS 0x00000000e8700000| PB 0x00000000e8700000| Untracked |  0
| 648|0x00000000e8800000, 0x00000000e8800000, 0x00000000e8900000|  0%| F|  |TAMS 0x00000000e8800000| PB 0x00000000e8800000| Untracked |  0
| 649|0x00000000e8900000, 0x00000000e8900000, 0x00000000e8a00000|  0%| F|  |TAMS 0x00000000e8900000| PB 0x00000000e8900000| Untracked |  0
| 650|0x00000000e8a00000, 0x00000000e8a00000, 0x00000000e8b00000|  0%| F|  |TAMS 0x00000000e8a00000| PB 0x00000000e8a00000| Untracked |  0
| 651|0x00000000e8b00000, 0x00000000e8b00000, 0x00000000e8c00000|  0%| F|  |TAMS 0x00000000e8b00000| PB 0x00000000e8b00000| Untracked |  0
| 652|0x00000000e8c00000, 0x00000000e8c00000, 0x00000000e8d00000|  0%| F|  |TAMS 0x00000000e8c00000| PB 0x00000000e8c00000| Untracked |  0
| 653|0x00000000e8d00000, 0x00000000e8d00000, 0x00000000e8e00000|  0%| F|  |TAMS 0x00000000e8d00000| PB 0x00000000e8d00000| Untracked |  0
| 654|0x00000000e8e00000, 0x00000000e8e00000, 0x00000000e8f00000|  0%| F|  |TAMS 0x00000000e8e00000| PB 0x00000000e8e00000| Untracked |  0
| 655|0x00000000e8f00000, 0x00000000e8f00000, 0x00000000e9000000|  0%| F|  |TAMS 0x00000000e8f00000| PB 0x00000000e8f00000| Untracked |  0
| 656|0x00000000e9000000, 0x00000000e9000000, 0x00000000e9100000|  0%| F|  |TAMS 0x00000000e9000000| PB 0x00000000e9000000| Untracked |  0
| 657|0x00000000e9100000, 0x00000000e9100000, 0x00000000e9200000|  0%| F|  |TAMS 0x00000000e9100000| PB 0x00000000e9100000| Untracked |  0
| 658|0x00000000e9200000, 0x00000000e9200000, 0x00000000e9300000|  0%| F|  |TAMS 0x00000000e9200000| PB 0x00000000e9200000| Untracked |  0
| 659|0x00000000e9300000, 0x00000000e9300000, 0x00000000e9400000|  0%| F|  |TAMS 0x00000000e9300000| PB 0x00000000e9300000| Untracked |  0
| 660|0x00000000e9400000, 0x00000000e9400000, 0x00000000e9500000|  0%| F|  |TAMS 0x00000000e9400000| PB 0x00000000e9400000| Untracked |  0
| 661|0x00000000e9500000, 0x00000000e9500000, 0x00000000e9600000|  0%| F|  |TAMS 0x00000000e9500000| PB 0x00000000e9500000| Untracked |  0
| 662|0x00000000e9600000, 0x00000000e9600000, 0x00000000e9700000|  0%| F|  |TAMS 0x00000000e9600000| PB 0x00000000e9600000| Untracked |  0
| 663|0x00000000e9700000, 0x00000000e9700000, 0x00000000e9800000|  0%| F|  |TAMS 0x00000000e9700000| PB 0x00000000e9700000| Untracked |  0
| 664|0x00000000e9800000, 0x00000000e9800000, 0x00000000e9900000|  0%| F|  |TAMS 0x00000000e9800000| PB 0x00000000e9800000| Untracked |  0
| 665|0x00000000e9900000, 0x00000000e9900000, 0x00000000e9a00000|  0%| F|  |TAMS 0x00000000e9900000| PB 0x00000000e9900000| Untracked |  0
| 666|0x00000000e9a00000, 0x00000000e9a00000, 0x00000000e9b00000|  0%| F|  |TAMS 0x00000000e9a00000| PB 0x00000000e9a00000| Untracked |  0
| 667|0x00000000e9b00000, 0x00000000e9b00000, 0x00000000e9c00000|  0%| F|  |TAMS 0x00000000e9b00000| PB 0x00000000e9b00000| Untracked |  0
| 668|0x00000000e9c00000, 0x00000000e9c00000, 0x00000000e9d00000|  0%| F|  |TAMS 0x00000000e9c00000| PB 0x00000000e9c00000| Untracked |  0
| 669|0x00000000e9d00000, 0x00000000e9d00000, 0x00000000e9e00000|  0%| F|  |TAMS 0x00000000e9d00000| PB 0x00000000e9d00000| Untracked |  0
| 670|0x00000000e9e00000, 0x00000000e9e00000, 0x00000000e9f00000|  0%| F|  |TAMS 0x00000000e9e00000| PB 0x00000000e9e00000| Untracked |  0
| 671|0x00000000e9f00000, 0x00000000e9f00000, 0x00000000ea000000|  0%| F|  |TAMS 0x00000000e9f00000| PB 0x00000000e9f00000| Untracked |  0
| 672|0x00000000ea000000, 0x00000000ea000000, 0x00000000ea100000|  0%| F|  |TAMS 0x00000000ea000000| PB 0x00000000ea000000| Untracked |  0
| 673|0x00000000ea100000, 0x00000000ea100000, 0x00000000ea200000|  0%| F|  |TAMS 0x00000000ea100000| PB 0x00000000ea100000| Untracked |  0
| 674|0x00000000ea200000, 0x00000000ea200000, 0x00000000ea300000|  0%| F|  |TAMS 0x00000000ea200000| PB 0x00000000ea200000| Untracked |  0
| 675|0x00000000ea300000, 0x00000000ea300000, 0x00000000ea400000|  0%| F|  |TAMS 0x00000000ea300000| PB 0x00000000ea300000| Untracked |  0
| 676|0x00000000ea400000, 0x00000000ea400000, 0x00000000ea500000|  0%| F|  |TAMS 0x00000000ea400000| PB 0x00000000ea400000| Untracked |  0
| 677|0x00000000ea500000, 0x00000000ea500000, 0x00000000ea600000|  0%| F|  |TAMS 0x00000000ea500000| PB 0x00000000ea500000| Untracked |  0
| 678|0x00000000ea600000, 0x00000000ea600000, 0x00000000ea700000|  0%| F|  |TAMS 0x00000000ea600000| PB 0x00000000ea600000| Untracked |  0
| 679|0x00000000ea700000, 0x00000000ea700000, 0x00000000ea800000|  0%| F|  |TAMS 0x00000000ea700000| PB 0x00000000ea700000| Untracked |  0
| 680|0x00000000ea800000, 0x00000000ea800000, 0x00000000ea900000|  0%| F|  |TAMS 0x00000000ea800000| PB 0x00000000ea800000| Untracked |  0
| 681|0x00000000ea900000, 0x00000000ea900000, 0x00000000eaa00000|  0%| F|  |TAMS 0x00000000ea900000| PB 0x00000000ea900000| Untracked |  0
| 682|0x00000000eaa00000, 0x00000000eaa00000, 0x00000000eab00000|  0%| F|  |TAMS 0x00000000eaa00000| PB 0x00000000eaa00000| Untracked |  0
| 683|0x00000000eab00000, 0x00000000eab29d88, 0x00000000eac00000| 16%| E|  |TAMS 0x00000000eab00000| PB 0x00000000eab00000| Complete |  0
| 684|0x00000000eac00000, 0x00000000ead00000, 0x00000000ead00000|100%| E|CS|TAMS 0x00000000eac00000| PB 0x00000000eac00000| Complete |  0
| 685|0x00000000ead00000, 0x00000000eae00000, 0x00000000eae00000|100%| E|CS|TAMS 0x00000000ead00000| PB 0x00000000ead00000| Complete |  0
| 686|0x00000000eae00000, 0x00000000eaf00000, 0x00000000eaf00000|100%| E|CS|TAMS 0x00000000eae00000| PB 0x00000000eae00000| Complete |  0
| 687|0x00000000eaf00000, 0x00000000eb000000, 0x00000000eb000000|100%| E|CS|TAMS 0x00000000eaf00000| PB 0x00000000eaf00000| Complete |  0
| 688|0x00000000eb000000, 0x00000000eb100000, 0x00000000eb100000|100%| E|CS|TAMS 0x00000000eb000000| PB 0x00000000eb000000| Complete |  0
| 689|0x00000000eb100000, 0x00000000eb200000, 0x00000000eb200000|100%| E|CS|TAMS 0x00000000eb100000| PB 0x00000000eb100000| Complete |  0
| 690|0x00000000eb200000, 0x00000000eb300000, 0x00000000eb300000|100%| E|CS|TAMS 0x00000000eb200000| PB 0x00000000eb200000| Complete |  0
| 691|0x00000000eb300000, 0x00000000eb400000, 0x00000000eb400000|100%| E|CS|TAMS 0x00000000eb300000| PB 0x00000000eb300000| Complete |  0
| 692|0x00000000eb400000, 0x00000000eb500000, 0x00000000eb500000|100%| E|CS|TAMS 0x00000000eb400000| PB 0x00000000eb400000| Complete |  0
| 693|0x00000000eb500000, 0x00000000eb600000, 0x00000000eb600000|100%| E|CS|TAMS 0x00000000eb500000| PB 0x00000000eb500000| Complete |  0
| 694|0x00000000eb600000, 0x00000000eb700000, 0x00000000eb700000|100%| E|CS|TAMS 0x00000000eb600000| PB 0x00000000eb600000| Complete |  0
| 695|0x00000000eb700000, 0x00000000eb800000, 0x00000000eb800000|100%| E|  |TAMS 0x00000000eb700000| PB 0x00000000eb700000| Complete |  0
| 696|0x00000000eb800000, 0x00000000eb900000, 0x00000000eb900000|100%| E|CS|TAMS 0x00000000eb800000| PB 0x00000000eb800000| Complete |  0
| 697|0x00000000eb900000, 0x00000000eba00000, 0x00000000eba00000|100%| E|CS|TAMS 0x00000000eb900000| PB 0x00000000eb900000| Complete |  0
| 698|0x00000000eba00000, 0x00000000ebb00000, 0x00000000ebb00000|100%| E|CS|TAMS 0x00000000eba00000| PB 0x00000000eba00000| Complete |  0
| 699|0x00000000ebb00000, 0x00000000ebc00000, 0x00000000ebc00000|100%| E|CS|TAMS 0x00000000ebb00000| PB 0x00000000ebb00000| Complete |  0
| 700|0x00000000ebc00000, 0x00000000ebd00000, 0x00000000ebd00000|100%| E|CS|TAMS 0x00000000ebc00000| PB 0x00000000ebc00000| Complete |  0
| 701|0x00000000ebd00000, 0x00000000ebe00000, 0x00000000ebe00000|100%| E|CS|TAMS 0x00000000ebd00000| PB 0x00000000ebd00000| Complete |  0
| 702|0x00000000ebe00000, 0x00000000ebf00000, 0x00000000ebf00000|100%| E|CS|TAMS 0x00000000ebe00000| PB 0x00000000ebe00000| Complete |  0
| 703|0x00000000ebf00000, 0x00000000ec000000, 0x00000000ec000000|100%| E|CS|TAMS 0x00000000ebf00000| PB 0x00000000ebf00000| Complete |  0
| 704|0x00000000ec000000, 0x00000000ec100000, 0x00000000ec100000|100%| E|CS|TAMS 0x00000000ec000000| PB 0x00000000ec000000| Complete |  0
| 705|0x00000000ec100000, 0x00000000ec200000, 0x00000000ec200000|100%| E|CS|TAMS 0x00000000ec100000| PB 0x00000000ec100000| Complete |  0
| 706|0x00000000ec200000, 0x00000000ec300000, 0x00000000ec300000|100%| E|CS|TAMS 0x00000000ec200000| PB 0x00000000ec200000| Complete |  0
| 707|0x00000000ec300000, 0x00000000ec400000, 0x00000000ec400000|100%| E|CS|TAMS 0x00000000ec300000| PB 0x00000000ec300000| Complete |  0
| 708|0x00000000ec400000, 0x00000000ec500000, 0x00000000ec500000|100%| E|CS|TAMS 0x00000000ec400000| PB 0x00000000ec400000| Complete |  0
| 709|0x00000000ec500000, 0x00000000ec600000, 0x00000000ec600000|100%| E|CS|TAMS 0x00000000ec500000| PB 0x00000000ec500000| Complete |  0
| 710|0x00000000ec600000, 0x00000000ec700000, 0x00000000ec700000|100%| E|CS|TAMS 0x00000000ec600000| PB 0x00000000ec600000| Complete |  0
| 711|0x00000000ec700000, 0x00000000ec800000, 0x00000000ec800000|100%| E|CS|TAMS 0x00000000ec700000| PB 0x00000000ec700000| Complete |  0
| 712|0x00000000ec800000, 0x00000000ec900000, 0x00000000ec900000|100%| E|CS|TAMS 0x00000000ec800000| PB 0x00000000ec800000| Complete |  0
| 713|0x00000000ec900000, 0x00000000eca00000, 0x00000000eca00000|100%| E|CS|TAMS 0x00000000ec900000| PB 0x00000000ec900000| Complete |  0
| 714|0x00000000eca00000, 0x00000000ecb00000, 0x00000000ecb00000|100%| E|CS|TAMS 0x00000000eca00000| PB 0x00000000eca00000| Complete |  0
| 715|0x00000000ecb00000, 0x00000000ecc00000, 0x00000000ecc00000|100%| E|CS|TAMS 0x00000000ecb00000| PB 0x00000000ecb00000| Complete |  0
| 716|0x00000000ecc00000, 0x00000000ecd00000, 0x00000000ecd00000|100%| E|CS|TAMS 0x00000000ecc00000| PB 0x00000000ecc00000| Complete |  0
| 717|0x00000000ecd00000, 0x00000000ece00000, 0x00000000ece00000|100%| E|CS|TAMS 0x00000000ecd00000| PB 0x00000000ecd00000| Complete |  0
| 718|0x00000000ece00000, 0x00000000ecf00000, 0x00000000ecf00000|100%| E|CS|TAMS 0x00000000ece00000| PB 0x00000000ece00000| Complete |  0
| 719|0x00000000ecf00000, 0x00000000ed000000, 0x00000000ed000000|100%| E|CS|TAMS 0x00000000ecf00000| PB 0x00000000ecf00000| Complete |  0
| 720|0x00000000ed000000, 0x00000000ed100000, 0x00000000ed100000|100%| E|CS|TAMS 0x00000000ed000000| PB 0x00000000ed000000| Complete |  0
| 721|0x00000000ed100000, 0x00000000ed200000, 0x00000000ed200000|100%| E|CS|TAMS 0x00000000ed100000| PB 0x00000000ed100000| Complete |  0
| 722|0x00000000ed200000, 0x00000000ed300000, 0x00000000ed300000|100%| E|CS|TAMS 0x00000000ed200000| PB 0x00000000ed200000| Complete |  0
| 723|0x00000000ed300000, 0x00000000ed400000, 0x00000000ed400000|100%| E|CS|TAMS 0x00000000ed300000| PB 0x00000000ed300000| Complete |  0
| 724|0x00000000ed400000, 0x00000000ed500000, 0x00000000ed500000|100%| E|CS|TAMS 0x00000000ed400000| PB 0x00000000ed400000| Complete |  0
| 725|0x00000000ed500000, 0x00000000ed600000, 0x00000000ed600000|100%| E|CS|TAMS 0x00000000ed500000| PB 0x00000000ed500000| Complete |  0
| 726|0x00000000ed600000, 0x00000000ed700000, 0x00000000ed700000|100%| E|CS|TAMS 0x00000000ed600000| PB 0x00000000ed600000| Complete |  0
| 727|0x00000000ed700000, 0x00000000ed800000, 0x00000000ed800000|100%| E|CS|TAMS 0x00000000ed700000| PB 0x00000000ed700000| Complete |  0
| 728|0x00000000ed800000, 0x00000000ed900000, 0x00000000ed900000|100%| E|CS|TAMS 0x00000000ed800000| PB 0x00000000ed800000| Complete |  0
| 729|0x00000000ed900000, 0x00000000eda00000, 0x00000000eda00000|100%| E|CS|TAMS 0x00000000ed900000| PB 0x00000000ed900000| Complete |  0
| 730|0x00000000eda00000, 0x00000000edb00000, 0x00000000edb00000|100%| E|CS|TAMS 0x00000000eda00000| PB 0x00000000eda00000| Complete |  0
| 731|0x00000000edb00000, 0x00000000edc00000, 0x00000000edc00000|100%| E|CS|TAMS 0x00000000edb00000| PB 0x00000000edb00000| Complete |  0
| 732|0x00000000edc00000, 0x00000000edd00000, 0x00000000edd00000|100%| E|CS|TAMS 0x00000000edc00000| PB 0x00000000edc00000| Complete |  0
| 733|0x00000000edd00000, 0x00000000ede00000, 0x00000000ede00000|100%| E|CS|TAMS 0x00000000edd00000| PB 0x00000000edd00000| Complete |  0
| 734|0x00000000ede00000, 0x00000000edf00000, 0x00000000edf00000|100%| E|CS|TAMS 0x00000000ede00000| PB 0x00000000ede00000| Complete |  0
| 735|0x00000000edf00000, 0x00000000ee000000, 0x00000000ee000000|100%| E|CS|TAMS 0x00000000edf00000| PB 0x00000000edf00000| Complete |  0
| 736|0x00000000ee000000, 0x00000000ee100000, 0x00000000ee100000|100%| E|CS|TAMS 0x00000000ee000000| PB 0x00000000ee000000| Complete |  0
| 737|0x00000000ee100000, 0x00000000ee200000, 0x00000000ee200000|100%| E|CS|TAMS 0x00000000ee100000| PB 0x00000000ee100000| Complete |  0
| 738|0x00000000ee200000, 0x00000000ee300000, 0x00000000ee300000|100%| E|CS|TAMS 0x00000000ee200000| PB 0x00000000ee200000| Complete |  0
| 739|0x00000000ee300000, 0x00000000ee400000, 0x00000000ee400000|100%| E|CS|TAMS 0x00000000ee300000| PB 0x00000000ee300000| Complete |  0
| 740|0x00000000ee400000, 0x00000000ee500000, 0x00000000ee500000|100%| E|CS|TAMS 0x00000000ee400000| PB 0x00000000ee400000| Complete |  0
| 741|0x00000000ee500000, 0x00000000ee600000, 0x00000000ee600000|100%| E|CS|TAMS 0x00000000ee500000| PB 0x00000000ee500000| Complete |  0
| 742|0x00000000ee600000, 0x00000000ee700000, 0x00000000ee700000|100%| E|CS|TAMS 0x00000000ee600000| PB 0x00000000ee600000| Complete |  0
| 743|0x00000000ee700000, 0x00000000ee800000, 0x00000000ee800000|100%| E|CS|TAMS 0x00000000ee700000| PB 0x00000000ee700000| Complete |  0
| 744|0x00000000ee800000, 0x00000000ee900000, 0x00000000ee900000|100%| E|CS|TAMS 0x00000000ee800000| PB 0x00000000ee800000| Complete |  0
| 745|0x00000000ee900000, 0x00000000eea00000, 0x00000000eea00000|100%| E|CS|TAMS 0x00000000ee900000| PB 0x00000000ee900000| Complete |  0
| 746|0x00000000eea00000, 0x00000000eeb00000, 0x00000000eeb00000|100%| E|CS|TAMS 0x00000000eea00000| PB 0x00000000eea00000| Complete |  0
| 747|0x00000000eeb00000, 0x00000000eec00000, 0x00000000eec00000|100%| E|CS|TAMS 0x00000000eeb00000| PB 0x00000000eeb00000| Complete |  0
| 748|0x00000000eec00000, 0x00000000eed00000, 0x00000000eed00000|100%| E|CS|TAMS 0x00000000eec00000| PB 0x00000000eec00000| Complete |  0
| 749|0x00000000eed00000, 0x00000000eee00000, 0x00000000eee00000|100%| E|CS|TAMS 0x00000000eed00000| PB 0x00000000eed00000| Complete |  0
| 750|0x00000000eee00000, 0x00000000eef00000, 0x00000000eef00000|100%| E|CS|TAMS 0x00000000eee00000| PB 0x00000000eee00000| Complete |  0
| 751|0x00000000eef00000, 0x00000000ef000000, 0x00000000ef000000|100%| E|CS|TAMS 0x00000000eef00000| PB 0x00000000eef00000| Complete |  0
| 752|0x00000000ef000000, 0x00000000ef100000, 0x00000000ef100000|100%| E|CS|TAMS 0x00000000ef000000| PB 0x00000000ef000000| Complete |  0
| 753|0x00000000ef100000, 0x00000000ef200000, 0x00000000ef200000|100%| E|CS|TAMS 0x00000000ef100000| PB 0x00000000ef100000| Complete |  0
| 754|0x00000000ef200000, 0x00000000ef300000, 0x00000000ef300000|100%| E|CS|TAMS 0x00000000ef200000| PB 0x00000000ef200000| Complete |  0
| 755|0x00000000ef300000, 0x00000000ef400000, 0x00000000ef400000|100%| E|CS|TAMS 0x00000000ef300000| PB 0x00000000ef300000| Complete |  0
| 756|0x00000000ef400000, 0x00000000ef500000, 0x00000000ef500000|100%| E|CS|TAMS 0x00000000ef400000| PB 0x00000000ef400000| Complete |  0
| 757|0x00000000ef500000, 0x00000000ef600000, 0x00000000ef600000|100%| E|CS|TAMS 0x00000000ef500000| PB 0x00000000ef500000| Complete |  0
| 758|0x00000000ef600000, 0x00000000ef700000, 0x00000000ef700000|100%| E|CS|TAMS 0x00000000ef600000| PB 0x00000000ef600000| Complete |  0
| 759|0x00000000ef700000, 0x00000000ef800000, 0x00000000ef800000|100%| E|CS|TAMS 0x00000000ef700000| PB 0x00000000ef700000| Complete |  0
| 760|0x00000000ef800000, 0x00000000ef900000, 0x00000000ef900000|100%| E|CS|TAMS 0x00000000ef800000| PB 0x00000000ef800000| Complete |  0
| 761|0x00000000ef900000, 0x00000000efa00000, 0x00000000efa00000|100%| E|CS|TAMS 0x00000000ef900000| PB 0x00000000ef900000| Complete |  0
| 762|0x00000000efa00000, 0x00000000efb00000, 0x00000000efb00000|100%| E|CS|TAMS 0x00000000efa00000| PB 0x00000000efa00000| Complete |  0
| 763|0x00000000efb00000, 0x00000000efc00000, 0x00000000efc00000|100%| E|CS|TAMS 0x00000000efb00000| PB 0x00000000efb00000| Complete |  0
| 764|0x00000000efc00000, 0x00000000efd00000, 0x00000000efd00000|100%| E|CS|TAMS 0x00000000efc00000| PB 0x00000000efc00000| Complete |  0
| 765|0x00000000efd00000, 0x00000000efe00000, 0x00000000efe00000|100%| E|CS|TAMS 0x00000000efd00000| PB 0x00000000efd00000| Complete |  0
| 766|0x00000000efe00000, 0x00000000eff00000, 0x00000000eff00000|100%| E|CS|TAMS 0x00000000efe00000| PB 0x00000000efe00000| Complete |  0
| 767|0x00000000eff00000, 0x00000000f0000000, 0x00000000f0000000|100%| E|CS|TAMS 0x00000000eff00000| PB 0x00000000eff00000| Complete |  0
| 768|0x00000000f0000000, 0x00000000f0100000, 0x00000000f0100000|100%| E|CS|TAMS 0x00000000f0000000| PB 0x00000000f0000000| Complete |  0
| 769|0x00000000f0100000, 0x00000000f0200000, 0x00000000f0200000|100%| E|CS|TAMS 0x00000000f0100000| PB 0x00000000f0100000| Complete |  0
| 770|0x00000000f0200000, 0x00000000f0300000, 0x00000000f0300000|100%| E|CS|TAMS 0x00000000f0200000| PB 0x00000000f0200000| Complete |  0
| 771|0x00000000f0300000, 0x00000000f0400000, 0x00000000f0400000|100%| E|CS|TAMS 0x00000000f0300000| PB 0x00000000f0300000| Complete |  0
| 772|0x00000000f0400000, 0x00000000f0500000, 0x00000000f0500000|100%| E|CS|TAMS 0x00000000f0400000| PB 0x00000000f0400000| Complete |  0
| 773|0x00000000f0500000, 0x00000000f0600000, 0x00000000f0600000|100%| E|CS|TAMS 0x00000000f0500000| PB 0x00000000f0500000| Complete |  0
| 774|0x00000000f0600000, 0x00000000f0700000, 0x00000000f0700000|100%| E|CS|TAMS 0x00000000f0600000| PB 0x00000000f0600000| Complete |  0
| 775|0x00000000f0700000, 0x00000000f0800000, 0x00000000f0800000|100%| E|CS|TAMS 0x00000000f0700000| PB 0x00000000f0700000| Complete |  0
| 776|0x00000000f0800000, 0x00000000f0900000, 0x00000000f0900000|100%| E|CS|TAMS 0x00000000f0800000| PB 0x00000000f0800000| Complete |  0
| 777|0x00000000f0900000, 0x00000000f0a00000, 0x00000000f0a00000|100%| E|CS|TAMS 0x00000000f0900000| PB 0x00000000f0900000| Complete |  0
| 778|0x00000000f0a00000, 0x00000000f0b00000, 0x00000000f0b00000|100%| E|CS|TAMS 0x00000000f0a00000| PB 0x00000000f0a00000| Complete |  0
| 779|0x00000000f0b00000, 0x00000000f0c00000, 0x00000000f0c00000|100%| E|CS|TAMS 0x00000000f0b00000| PB 0x00000000f0b00000| Complete |  0
| 780|0x00000000f0c00000, 0x00000000f0d00000, 0x00000000f0d00000|100%| E|CS|TAMS 0x00000000f0c00000| PB 0x00000000f0c00000| Complete |  0
| 781|0x00000000f0d00000, 0x00000000f0e00000, 0x00000000f0e00000|100%| E|CS|TAMS 0x00000000f0d00000| PB 0x00000000f0d00000| Complete |  0
| 782|0x00000000f0e00000, 0x00000000f0f00000, 0x00000000f0f00000|100%| E|CS|TAMS 0x00000000f0e00000| PB 0x00000000f0e00000| Complete |  0
| 783|0x00000000f0f00000, 0x00000000f1000000, 0x00000000f1000000|100%| E|CS|TAMS 0x00000000f0f00000| PB 0x00000000f0f00000| Complete |  0
| 784|0x00000000f1000000, 0x00000000f1100000, 0x00000000f1100000|100%| E|CS|TAMS 0x00000000f1000000| PB 0x00000000f1000000| Complete |  0
| 785|0x00000000f1100000, 0x00000000f1200000, 0x00000000f1200000|100%| E|CS|TAMS 0x00000000f1100000| PB 0x00000000f1100000| Complete |  0
| 786|0x00000000f1200000, 0x00000000f1300000, 0x00000000f1300000|100%| E|CS|TAMS 0x00000000f1200000| PB 0x00000000f1200000| Complete |  0
| 787|0x00000000f1300000, 0x00000000f1400000, 0x00000000f1400000|100%| E|CS|TAMS 0x00000000f1300000| PB 0x00000000f1300000| Complete |  0
| 788|0x00000000f1400000, 0x00000000f1500000, 0x00000000f1500000|100%| E|CS|TAMS 0x00000000f1400000| PB 0x00000000f1400000| Complete |  0
| 789|0x00000000f1500000, 0x00000000f1600000, 0x00000000f1600000|100%| E|CS|TAMS 0x00000000f1500000| PB 0x00000000f1500000| Complete |  0
| 790|0x00000000f1600000, 0x00000000f1700000, 0x00000000f1700000|100%| E|CS|TAMS 0x00000000f1600000| PB 0x00000000f1600000| Complete |  0
| 791|0x00000000f1700000, 0x00000000f1800000, 0x00000000f1800000|100%| E|CS|TAMS 0x00000000f1700000| PB 0x00000000f1700000| Complete |  0
| 792|0x00000000f1800000, 0x00000000f1900000, 0x00000000f1900000|100%| E|CS|TAMS 0x00000000f1800000| PB 0x00000000f1800000| Complete |  0
| 793|0x00000000f1900000, 0x00000000f1a00000, 0x00000000f1a00000|100%| E|CS|TAMS 0x00000000f1900000| PB 0x00000000f1900000| Complete |  0
| 794|0x00000000f1a00000, 0x00000000f1b00000, 0x00000000f1b00000|100%| E|CS|TAMS 0x00000000f1a00000| PB 0x00000000f1a00000| Complete |  0
| 795|0x00000000f1b00000, 0x00000000f1c00000, 0x00000000f1c00000|100%| E|CS|TAMS 0x00000000f1b00000| PB 0x00000000f1b00000| Complete |  0
| 796|0x00000000f1c00000, 0x00000000f1d00000, 0x00000000f1d00000|100%| E|CS|TAMS 0x00000000f1c00000| PB 0x00000000f1c00000| Complete |  0
| 797|0x00000000f1d00000, 0x00000000f1e00000, 0x00000000f1e00000|100%| E|CS|TAMS 0x00000000f1d00000| PB 0x00000000f1d00000| Complete |  0
| 798|0x00000000f1e00000, 0x00000000f1f00000, 0x00000000f1f00000|100%| E|CS|TAMS 0x00000000f1e00000| PB 0x00000000f1e00000| Complete |  0
| 799|0x00000000f1f00000, 0x00000000f2000000, 0x00000000f2000000|100%| E|CS|TAMS 0x00000000f1f00000| PB 0x00000000f1f00000| Complete |  0
| 800|0x00000000f2000000, 0x00000000f2100000, 0x00000000f2100000|100%| E|CS|TAMS 0x00000000f2000000| PB 0x00000000f2000000| Complete |  0
| 801|0x00000000f2100000, 0x00000000f2200000, 0x00000000f2200000|100%| E|CS|TAMS 0x00000000f2100000| PB 0x00000000f2100000| Complete |  0
| 802|0x00000000f2200000, 0x00000000f2300000, 0x00000000f2300000|100%| E|CS|TAMS 0x00000000f2200000| PB 0x00000000f2200000| Complete |  0
| 803|0x00000000f2300000, 0x00000000f2400000, 0x00000000f2400000|100%| E|CS|TAMS 0x00000000f2300000| PB 0x00000000f2300000| Complete |  0
| 804|0x00000000f2400000, 0x00000000f2500000, 0x00000000f2500000|100%| E|CS|TAMS 0x00000000f2400000| PB 0x00000000f2400000| Complete |  0
| 805|0x00000000f2500000, 0x00000000f2600000, 0x00000000f2600000|100%| E|CS|TAMS 0x00000000f2500000| PB 0x00000000f2500000| Complete |  0
| 806|0x00000000f2600000, 0x00000000f2700000, 0x00000000f2700000|100%| E|CS|TAMS 0x00000000f2600000| PB 0x00000000f2600000| Complete |  0
| 807|0x00000000f2700000, 0x00000000f2800000, 0x00000000f2800000|100%| E|CS|TAMS 0x00000000f2700000| PB 0x00000000f2700000| Complete |  0
| 808|0x00000000f2800000, 0x00000000f2900000, 0x00000000f2900000|100%| E|CS|TAMS 0x00000000f2800000| PB 0x00000000f2800000| Complete |  0
| 809|0x00000000f2900000, 0x00000000f2a00000, 0x00000000f2a00000|100%| E|CS|TAMS 0x00000000f2900000| PB 0x00000000f2900000| Complete |  0
| 810|0x00000000f2a00000, 0x00000000f2b00000, 0x00000000f2b00000|100%| E|CS|TAMS 0x00000000f2a00000| PB 0x00000000f2a00000| Complete |  0
| 811|0x00000000f2b00000, 0x00000000f2c00000, 0x00000000f2c00000|100%| E|CS|TAMS 0x00000000f2b00000| PB 0x00000000f2b00000| Complete |  0
| 812|0x00000000f2c00000, 0x00000000f2d00000, 0x00000000f2d00000|100%| E|CS|TAMS 0x00000000f2c00000| PB 0x00000000f2c00000| Complete |  0
| 813|0x00000000f2d00000, 0x00000000f2e00000, 0x00000000f2e00000|100%| E|CS|TAMS 0x00000000f2d00000| PB 0x00000000f2d00000| Complete |  0
| 814|0x00000000f2e00000, 0x00000000f2f00000, 0x00000000f2f00000|100%| E|CS|TAMS 0x00000000f2e00000| PB 0x00000000f2e00000| Complete |  0
| 815|0x00000000f2f00000, 0x00000000f3000000, 0x00000000f3000000|100%| E|CS|TAMS 0x00000000f2f00000| PB 0x00000000f2f00000| Complete |  0
| 816|0x00000000f3000000, 0x00000000f3100000, 0x00000000f3100000|100%| E|CS|TAMS 0x00000000f3000000| PB 0x00000000f3000000| Complete |  0
| 817|0x00000000f3100000, 0x00000000f3200000, 0x00000000f3200000|100%| E|CS|TAMS 0x00000000f3100000| PB 0x00000000f3100000| Complete |  0
| 818|0x00000000f3200000, 0x00000000f3300000, 0x00000000f3300000|100%| E|CS|TAMS 0x00000000f3200000| PB 0x00000000f3200000| Complete |  0
| 819|0x00000000f3300000, 0x00000000f3400000, 0x00000000f3400000|100%| E|CS|TAMS 0x00000000f3300000| PB 0x00000000f3300000| Complete |  0
| 948|0x00000000fb400000, 0x00000000fb438c10, 0x00000000fb500000| 22%| O|  |TAMS 0x00000000fb400000| PB 0x00000000fb400000| Untracked |  0
| 949|0x00000000fb500000, 0x00000000fb600000, 0x00000000fb600000|100%| E|CS|TAMS 0x00000000fb500000| PB 0x00000000fb500000| Complete |  0
| 950|0x00000000fb600000, 0x00000000fb700000, 0x00000000fb700000|100%| O|  |TAMS 0x00000000fb600000| PB 0x00000000fb600000| Untracked |  0
| 951|0x00000000fb700000, 0x00000000fb800000, 0x00000000fb800000|100%| O|  |TAMS 0x00000000fb700000| PB 0x00000000fb700000| Untracked |  0
| 952|0x00000000fb800000, 0x00000000fb900000, 0x00000000fb900000|100%| O|  |TAMS 0x00000000fb800000| PB 0x00000000fb800000| Untracked |  0
| 953|0x00000000fb900000, 0x00000000fba00000, 0x00000000fba00000|100%| O|  |TAMS 0x00000000fb900000| PB 0x00000000fb900000| Untracked |  0
| 954|0x00000000fba00000, 0x00000000fbb00000, 0x00000000fbb00000|100%| O|  |TAMS 0x00000000fba00000| PB 0x00000000fba00000| Untracked |  0
| 955|0x00000000fbb00000, 0x00000000fbc00000, 0x00000000fbc00000|100%| O|  |TAMS 0x00000000fbb00000| PB 0x00000000fbb00000| Untracked |  0
| 956|0x00000000fbc00000, 0x00000000fbd00000, 0x00000000fbd00000|100%| O|  |TAMS 0x00000000fbc00000| PB 0x00000000fbc00000| Untracked |  0
| 957|0x00000000fbd00000, 0x00000000fbe00000, 0x00000000fbe00000|100%| E|CS|TAMS 0x00000000fbd00000| PB 0x00000000fbd00000| Complete |  0
| 958|0x00000000fbe00000, 0x00000000fbf00000, 0x00000000fbf00000|100%| O|  |TAMS 0x00000000fbe00000| PB 0x00000000fbe00000| Untracked |  0
| 959|0x00000000fbf00000, 0x00000000fc000000, 0x00000000fc000000|100%| E|CS|TAMS 0x00000000fbf00000| PB 0x00000000fbf00000| Complete |  0
| 960|0x00000000fc000000, 0x00000000fc100000, 0x00000000fc100000|100%| O|  |TAMS 0x00000000fc000000| PB 0x00000000fc000000| Untracked |  0
| 961|0x00000000fc100000, 0x00000000fc200000, 0x00000000fc200000|100%| E|CS|TAMS 0x00000000fc100000| PB 0x00000000fc100000| Complete |  0
| 962|0x00000000fc200000, 0x00000000fc300000, 0x00000000fc300000|100%| E|CS|TAMS 0x00000000fc200000| PB 0x00000000fc200000| Complete |  0
| 963|0x00000000fc300000, 0x00000000fc400000, 0x00000000fc400000|100%| E|CS|TAMS 0x00000000fc300000| PB 0x00000000fc300000| Complete |  0
| 964|0x00000000fc400000, 0x00000000fc500000, 0x00000000fc500000|100%| E|CS|TAMS 0x00000000fc400000| PB 0x00000000fc400000| Complete |  0
| 965|0x00000000fc500000, 0x00000000fc600000, 0x00000000fc600000|100%| E|CS|TAMS 0x00000000fc500000| PB 0x00000000fc500000| Complete |  0
| 966|0x00000000fc600000, 0x00000000fc700000, 0x00000000fc700000|100%| O|  |TAMS 0x00000000fc600000| PB 0x00000000fc600000| Untracked |  0
| 967|0x00000000fc700000, 0x00000000fc800000, 0x00000000fc800000|100%| O|  |TAMS 0x00000000fc700000| PB 0x00000000fc700000| Untracked |  0
| 968|0x00000000fc800000, 0x00000000fc900000, 0x00000000fc900000|100%| E|CS|TAMS 0x00000000fc800000| PB 0x00000000fc800000| Complete |  0
| 969|0x00000000fc900000, 0x00000000fca00000, 0x00000000fca00000|100%| O|  |TAMS 0x00000000fc900000| PB 0x00000000fc900000| Untracked |  0
| 970|0x00000000fca00000, 0x00000000fcb00000, 0x00000000fcb00000|100%| E|CS|TAMS 0x00000000fca00000| PB 0x00000000fca00000| Complete |  0
| 971|0x00000000fcb00000, 0x00000000fcc00000, 0x00000000fcc00000|100%| E|CS|TAMS 0x00000000fcb00000| PB 0x00000000fcb00000| Complete |  0
| 972|0x00000000fcc00000, 0x00000000fcd00000, 0x00000000fcd00000|100%| E|CS|TAMS 0x00000000fcc00000| PB 0x00000000fcc00000| Complete |  0
| 973|0x00000000fcd00000, 0x00000000fce00000, 0x00000000fce00000|100%| E|CS|TAMS 0x00000000fcd00000| PB 0x00000000fcd00000| Complete |  0
| 974|0x00000000fce00000, 0x00000000fcf00000, 0x00000000fcf00000|100%| O|  |TAMS 0x00000000fce00000| PB 0x00000000fce00000| Untracked |  0
| 975|0x00000000fcf00000, 0x00000000fd000000, 0x00000000fd000000|100%| E|CS|TAMS 0x00000000fcf00000| PB 0x00000000fcf00000| Complete |  0
| 976|0x00000000fd000000, 0x00000000fd100000, 0x00000000fd100000|100%| O|  |TAMS 0x00000000fd000000| PB 0x00000000fd000000| Untracked |  0
| 977|0x00000000fd100000, 0x00000000fd200000, 0x00000000fd200000|100%| E|CS|TAMS 0x00000000fd100000| PB 0x00000000fd100000| Complete |  0
| 978|0x00000000fd200000, 0x00000000fd300000, 0x00000000fd300000|100%| O|Cm|TAMS 0x00000000fd200000| PB 0x00000000fd200000| Complete |  0
| 979|0x00000000fd300000, 0x00000000fd400000, 0x00000000fd400000|100%| E|CS|TAMS 0x00000000fd300000| PB 0x00000000fd300000| Complete |  0
| 980|0x00000000fd400000, 0x00000000fd500000, 0x00000000fd500000|100%| E|CS|TAMS 0x00000000fd400000| PB 0x00000000fd400000| Complete |  0
| 981|0x00000000fd500000, 0x00000000fd600000, 0x00000000fd600000|100%| E|CS|TAMS 0x00000000fd500000| PB 0x00000000fd500000| Complete |  0
| 982|0x00000000fd600000, 0x00000000fd700000, 0x00000000fd700000|100%| E|CS|TAMS 0x00000000fd600000| PB 0x00000000fd600000| Complete |  0
| 983|0x00000000fd700000, 0x00000000fd800000, 0x00000000fd800000|100%| E|CS|TAMS 0x00000000fd700000| PB 0x00000000fd700000| Complete |  0
| 984|0x00000000fd800000, 0x00000000fd900000, 0x00000000fd900000|100%| E|CS|TAMS 0x00000000fd800000| PB 0x00000000fd800000| Complete |  0
| 985|0x00000000fd900000, 0x00000000fda00000, 0x00000000fda00000|100%| E|CS|TAMS 0x00000000fd900000| PB 0x00000000fd900000| Complete |  0
| 986|0x00000000fda00000, 0x00000000fdb00000, 0x00000000fdb00000|100%| E|CS|TAMS 0x00000000fda00000| PB 0x00000000fda00000| Complete |  0
| 987|0x00000000fdb00000, 0x00000000fdc00000, 0x00000000fdc00000|100%| E|CS|TAMS 0x00000000fdb00000| PB 0x00000000fdb00000| Complete |  0
| 988|0x00000000fdc00000, 0x00000000fdd00000, 0x00000000fdd00000|100%| E|CS|TAMS 0x00000000fdc00000| PB 0x00000000fdc00000| Complete |  0
| 989|0x00000000fdd00000, 0x00000000fde00000, 0x00000000fde00000|100%| E|CS|TAMS 0x00000000fdd00000| PB 0x00000000fdd00000| Complete |  0
| 990|0x00000000fde00000, 0x00000000fdf00000, 0x00000000fdf00000|100%| E|CS|TAMS 0x00000000fde00000| PB 0x00000000fde00000| Complete |  0
| 991|0x00000000fdf00000, 0x00000000fe000000, 0x00000000fe000000|100%| E|CS|TAMS 0x00000000fdf00000| PB 0x00000000fdf00000| Complete |  0
| 992|0x00000000fe000000, 0x00000000fe08aed0, 0x00000000fe100000| 54%| S|CS|TAMS 0x00000000fe000000| PB 0x00000000fe000000| Complete |  0
| 993|0x00000000fe100000, 0x00000000fe200000, 0x00000000fe200000|100%| S|CS|TAMS 0x00000000fe100000| PB 0x00000000fe100000| Complete |  0
| 994|0x00000000fe200000, 0x00000000fe300000, 0x00000000fe300000|100%| S|CS|TAMS 0x00000000fe200000| PB 0x00000000fe200000| Complete |  0
| 995|0x00000000fe300000, 0x00000000fe400000, 0x00000000fe400000|100%| E|CS|TAMS 0x00000000fe300000| PB 0x00000000fe300000| Complete |  0
| 996|0x00000000fe400000, 0x00000000fe500000, 0x00000000fe500000|100%| O|  |TAMS 0x00000000fe400000| PB 0x00000000fe400000| Untracked |  0
| 997|0x00000000fe500000, 0x00000000fe600000, 0x00000000fe600000|100%| O|  |TAMS 0x00000000fe500000| PB 0x00000000fe500000| Untracked |  0
| 998|0x00000000fe600000, 0x00000000fe700000, 0x00000000fe700000|100%| O|  |TAMS 0x00000000fe600000| PB 0x00000000fe600000| Untracked |  0
| 999|0x00000000fe700000, 0x00000000fe800000, 0x00000000fe800000|100%| O|  |TAMS 0x00000000fe700000| PB 0x00000000fe700000| Untracked |  0
|1000|0x00000000fe800000, 0x00000000fe900000, 0x00000000fe900000|100%| E|CS|TAMS 0x00000000fe800000| PB 0x00000000fe800000| Complete |  0
|1001|0x00000000fe900000, 0x00000000fea00000, 0x00000000fea00000|100%| O|  |TAMS 0x00000000fe900000| PB 0x00000000fe900000| Untracked |  0
|1002|0x00000000fea00000, 0x00000000feb00000, 0x00000000feb00000|100%| O|  |TAMS 0x00000000fea00000| PB 0x00000000fea00000| Untracked |  0
|1003|0x00000000feb00000, 0x00000000fec00000, 0x00000000fec00000|100%| O|  |TAMS 0x00000000feb00000| PB 0x00000000feb00000| Untracked |  0
|1004|0x00000000fec00000, 0x00000000fed00000, 0x00000000fed00000|100%| O|  |TAMS 0x00000000fec00000| PB 0x00000000fec00000| Untracked |  0
|1005|0x00000000fed00000, 0x00000000fee00000, 0x00000000fee00000|100%| O|  |TAMS 0x00000000fed00000| PB 0x00000000fed00000| Untracked |  0
|1006|0x00000000fee00000, 0x00000000fef00000, 0x00000000fef00000|100%| O|  |TAMS 0x00000000fee00000| PB 0x00000000fee00000| Untracked |  0
|1007|0x00000000fef00000, 0x00000000ff000000, 0x00000000ff000000|100%| E|CS|TAMS 0x00000000fef00000| PB 0x00000000fef00000| Complete |  0
|1008|0x00000000ff000000, 0x00000000ff100000, 0x00000000ff100000|100%| O|  |TAMS 0x00000000ff000000| PB 0x00000000ff000000| Untracked |  0
|1009|0x00000000ff100000, 0x00000000ff200000, 0x00000000ff200000|100%| E|CS|TAMS 0x00000000ff100000| PB 0x00000000ff100000| Complete |  0
|1010|0x00000000ff200000, 0x00000000ff300000, 0x00000000ff300000|100%| O|  |TAMS 0x00000000ff200000| PB 0x00000000ff200000| Untracked |  0
|1011|0x00000000ff300000, 0x00000000ff400000, 0x00000000ff400000|100%| O|  |TAMS 0x00000000ff300000| PB 0x00000000ff300000| Untracked |  0
|1012|0x00000000ff400000, 0x00000000ff500000, 0x00000000ff500000|100%| O|  |TAMS 0x00000000ff400000| PB 0x00000000ff400000| Untracked |  0
|1013|0x00000000ff500000, 0x00000000ff600000, 0x00000000ff600000|100%| E|CS|TAMS 0x00000000ff500000| PB 0x00000000ff500000| Complete |  0
|1014|0x00000000ff600000, 0x00000000ff700000, 0x00000000ff700000|100%| O|  |TAMS 0x00000000ff600000| PB 0x00000000ff600000| Untracked |  0
|1015|0x00000000ff700000, 0x00000000ff800000, 0x00000000ff800000|100%| O|  |TAMS 0x00000000ff700000| PB 0x00000000ff700000| Untracked |  0
|1016|0x00000000ff800000, 0x00000000ff900000, 0x00000000ff900000|100%| O|  |TAMS 0x00000000ff800000| PB 0x00000000ff800000| Untracked |  0
|1017|0x00000000ff900000, 0x00000000ffa00000, 0x00000000ffa00000|100%| E|CS|TAMS 0x00000000ff900000| PB 0x00000000ff900000| Complete |  0
|1018|0x00000000ffa00000, 0x00000000ffb00000, 0x00000000ffb00000|100%| O|  |TAMS 0x00000000ffa00000| PB 0x00000000ffa00000| Untracked |  0
|1019|0x00000000ffb00000, 0x00000000ffc00000, 0x00000000ffc00000|100%| O|  |TAMS 0x00000000ffb00000| PB 0x00000000ffb00000| Untracked |  0
|1020|0x00000000ffc00000, 0x00000000ffd00000, 0x00000000ffd00000|100%| O|  |TAMS 0x00000000ffc00000| PB 0x00000000ffc00000| Untracked |  0
|1021|0x00000000ffd00000, 0x00000000ffe00000, 0x00000000ffe00000|100%| O|  |TAMS 0x00000000ffd00000| PB 0x00000000ffd00000| Untracked |  0
|1022|0x00000000ffe00000, 0x00000000fff00000, 0x00000000fff00000|100%| O|  |TAMS 0x00000000ffe00000| PB 0x00000000ffe00000| Untracked |  0
|1023|0x00000000fff00000, 0x0000000100000000, 0x0000000100000000|100%| E|CS|TAMS 0x00000000fff00000| PB 0x00000000fff00000| Complete |  0

Card table byte_map: [0x00000254471b0000,0x00000254473b0000] _byte_map_base: 0x0000025446bb0000

Marking Bits: (CMBitMap*) 0x000002542f476ec0
 Bits: [0x00000254473b0000, 0x00000254483b0000)

Polling page: 0x000002542d210000

Metaspace:
Metaspace        used 153261K, committed 155008K, reserved 1245184K
 class space     used 17309K, committed 18112K, reserved 1048576K

Usage:
  Non-class:    132.77 MB used.
      Class:     16.90 MB used.
       Both:    149.67 MB used.

Virtual space:
  Non-class space:      192.00 MB reserved,     133.69 MB ( 70%) committed,  3 nodes.
      Class space:        1.00 GB reserved,      17.69 MB (  2%) committed,  1 nodes.
             Both:        1.19 GB reserved,     151.38 MB ( 12%) committed. 

Chunk freelists:
   Non-Class:  10.11 MB
       Class:  14.30 MB
        Both:  24.41 MB

MaxMetaspaceSize: unlimited
CompressedClassSpaceSize: 1.00 GB
Initial GC threshold: 21.00 MB
Current GC threshold: 250.94 MB
CDS: on
 - commit_granule_bytes: 65536.
 - commit_granule_words: 8192.
 - virtual_space_node_default_size: 8388608.
 - enlarge_chunks_in_place: 1.
UseCompressedClassPointers 1, UseCompactObjectHeaders 0
Narrow klass pointer bits 32, Max shift 3
Narrow klass base: 0x0000000001000000, Narrow klass shift: 0
Encoding Range: [0x0000000001000000 - 0x0000000101000000), (4294967296 bytes)
Klass Range:    [0x0000000001010000 - 0x0000000042000000), (1090453504 bytes)
Klass ID Range:  [65536 - 1090519033) (1090453497)
Protection zone: [0x0000000001000000 - 0x0000000001010000), (65536 bytes)


Internal statistics:

num_allocs_failed_limit: 14.
num_arena_births: 2996.
num_arena_deaths: 320.
num_vsnodes_births: 4.
num_vsnodes_deaths: 0.
num_space_committed: 2415.
num_space_uncommitted: 0.
num_chunks_returned_to_freelist: 449.
num_chunks_taken_from_freelist: 9478.
num_chunk_merges: 25.
num_chunk_splits: 6440.
num_chunks_enlarged: 4660.
num_inconsistent_stats: 0.

CodeHeap 'non-profiled nmethods': size=120064Kb used=11646Kb max_used=11646Kb free=108417Kb
 bounds [0x000002543f740000, 0x00000254402a0000, 0x0000025446c80000]
CodeHeap 'profiled nmethods': size=120000Kb used=35083Kb max_used=35083Kb free=84916Kb
 bounds [0x0000025437c80000, 0x0000025439ed0000, 0x000002543f1b0000]
CodeHeap 'non-nmethods': size=5696Kb used=2519Kb max_used=2644Kb free=3176Kb
 bounds [0x000002543f1b0000, 0x000002543f450000, 0x000002543f740000]
CodeCache: size=245760Kb, used=49248Kb, max_used=49373Kb, free=196509Kb
 total_blobs=24374, nmethods=23085, adapters=1187, full_count=0
Compilation: enabled, stopped_count=0, restarted_count=0

Compilation events (20 events):
Event: 140.206 Thread 0x000002544adc4160 27643       3       org.apache.spark.metrics.SingleValueExecutorMetricType::getMetricValues (16 bytes)
Event: 140.206 Thread 0x000002544adc4160 nmethod 27643 0x00000254384e2008 code [0x00000254384e2100, 0x00000254384e2368]
Event: 140.206 Thread 0x000002544adc4160 27644       1       com.sun.jmx.mbeanserver.WeakIdentityHashMap$IdentityWeakReference::hashCode (5 bytes)
Event: 140.206 Thread 0x000002544adc4160 nmethod 27644 0x0000025440296408 code [0x0000025440296500, 0x00000254402965c8]
Event: 140.438 Thread 0x000002544adc3550 27645       4       org.apache.spark.sql.catalyst.expressions.UnsafeProjection$$$Lambda/0x0000000002f4a918::apply (8 bytes)
Event: 140.439 Thread 0x000002544adc3550 nmethod 27645 0x0000025440296708 code [0x0000025440296800, 0x00000254402968b0]
Event: 140.558 Thread 0x000002544adc3550 27646       4       org.apache.spark.sql.catalyst.expressions.BinaryComparison::doGenCode (151 bytes)
Event: 140.571 Thread 0x000002544adc3550 nmethod 27646 0x0000025440296a08 code [0x0000025440296b00, 0x0000025440297268]
Event: 140.732 Thread 0x000002544adc3550 27647       4       org.apache.spark.sql.catalyst.expressions.UnsafeProjection$::$anonfun$create$2 (20 bytes)
Event: 140.736 Thread 0x000002544adc3550 nmethod 27647 0x0000025440297308 code [0x0000025440297400, 0x00000254402977d0]
Event: 140.934 Thread 0x000002544adc3550 27648       4       java.io.ObjectOutputStream$BlockDataOutputStream::writeInts (104 bytes)
Event: 140.943 Thread 0x000002544adc3550 nmethod 27648 0x0000025440297808 code [0x0000025440297900, 0x0000025440297c68]
Event: 140.965 Thread 0x000002544adc3550 27649   !   4       java.util.concurrent.locks.AbstractQueuedSynchronizer$ConditionObject::newConditionNode (78 bytes)
Event: 140.969 Thread 0x000002544adc3550 nmethod 27649 0x0000025440297c88 code [0x0000025440297d80, 0x0000025440298200]
Event: 140.976 Thread 0x000002544adc3550 27650       4       org.apache.spark.sql.catalyst.expressions.UnsafeProjection$$$Lambda/0x0000000002f4ace8::apply (8 bytes)
Event: 140.980 Thread 0x000002544adc3550 nmethod 27650 0x0000025440298208 code [0x0000025440298300, 0x00000254402986f0]
Event: 142.155 Thread 0x000002544adc3550 27651       4       org.apache.spark.storage.BroadcastBlockId::equals (94 bytes)
Event: 142.158 Thread 0x000002544adc3550 nmethod 27651 0x0000025440298708 code [0x0000025440298800, 0x0000025440298ad0]
Event: 144.790 Thread 0x000002544adc3550 27652       4       java.util.HashMap::computeIfAbsent (330 bytes)
Event: 145.206 Thread 0x000002544adc4160 27653   !   3       org.apache.spark.shuffle.sort.BypassMergeSortShuffleWriter::write (491 bytes)

GC Heap Usage History (20 events):
Event: 126.234 {heap Before GC invocations=198 (full 0):
 garbage-first heap   total reserved 1048576K, committed 851968K, used 331551K [0x00000000c0000000, 0x0000000100000000)
  region size 1024K, 7 young (7168K), 4 survivors (4096K)
}
Event: 126.239 {heap After GC invocations=199 (full 0):
 garbage-first heap   total reserved 1048576K, committed 851968K, used 329663K [0x00000000c0000000, 0x0000000100000000)
  region size 1024K, 4 young (4096K), 4 survivors (4096K)
}
Event: 126.649 {heap Before GC invocations=200 (full 0):
 garbage-first heap   total reserved 1048576K, committed 868352K, used 867263K [0x00000000c0000000, 0x0000000100000000)
  region size 1024K, 165 young (168960K), 4 survivors (4096K)
}
Event: 126.655 {heap After GC invocations=201 (full 0):
 garbage-first heap   total reserved 1048576K, committed 872448K, used 329638K [0x00000000c0000000, 0x0000000100000000)
  region size 1024K, 4 young (4096K), 4 survivors (4096K)
}
Event: 127.016 {heap Before GC invocations=201 (full 0):
 garbage-first heap   total reserved 1048576K, committed 884736K, used 883622K [0x00000000c0000000, 0x0000000100000000)
  region size 1024K, 169 young (173056K), 4 survivors (4096K)
}
Event: 127.023 {heap After GC invocations=202 (full 0):
 garbage-first heap   total reserved 1048576K, committed 889856K, used 329384K [0x00000000c0000000, 0x0000000100000000)
  region size 1024K, 4 young (4096K), 4 survivors (4096K)
}
Event: 127.029 {heap Before GC invocations=202 (full 0):
 garbage-first heap   total reserved 1048576K, committed 889856K, used 332456K [0x00000000c0000000, 0x0000000100000000)
  region size 1024K, 8 young (8192K), 4 survivors (4096K)
}
Event: 127.034 {heap After GC invocations=203 (full 0):
 garbage-first heap   total reserved 1048576K, committed 889856K, used 330037K [0x00000000c0000000, 0x0000000100000000)
  region size 1024K, 5 young (5120K), 5 survivors (5120K)
}
Event: 129.942 {heap Before GC invocations=204 (full 0):
 garbage-first heap   total reserved 1048576K, committed 890880K, used 889141K [0x00000000c0000000, 0x0000000100000000)
  region size 1024K, 393 young (402432K), 5 survivors (5120K)
}
Event: 129.948 {heap After GC invocations=205 (full 0):
 garbage-first heap   total reserved 1048576K, committed 896000K, used 365207K [0x00000000c0000000, 0x0000000100000000)
  region size 1024K, 3 young (3072K), 3 survivors (3072K)
}
Event: 133.029 {heap Before GC invocations=205 (full 0):
 garbage-first heap   total reserved 1048576K, committed 896000K, used 895639K [0x00000000c0000000, 0x0000000100000000)
  region size 1024K, 413 young (422912K), 3 survivors (3072K)
}
Event: 133.037 {heap After GC invocations=206 (full 0):
 garbage-first heap   total reserved 1048576K, committed 904192K, used 369482K [0x00000000c0000000, 0x0000000100000000)
  region size 1024K, 7 young (7168K), 7 survivors (7168K)
}
Event: 133.164 {heap Before GC invocations=206 (full 0):
 garbage-first heap   total reserved 1048576K, committed 904192K, used 384842K [0x00000000c0000000, 0x0000000100000000)
  region size 1024K, 23 young (23552K), 7 survivors (7168K)
}
Event: 133.167 {heap After GC invocations=207 (full 0):
 garbage-first heap   total reserved 1048576K, committed 904192K, used 364199K [0x00000000c0000000, 0x0000000100000000)
  region size 1024K, 3 young (3072K), 3 survivors (3072K)
}
Event: 136.673 {heap Before GC invocations=208 (full 0):
 garbage-first heap   total reserved 1048576K, committed 904192K, used 902823K [0x00000000c0000000, 0x0000000100000000)
  region size 1024K, 418 young (428032K), 3 survivors (3072K)
}
Event: 136.679 {heap After GC invocations=209 (full 0):
 garbage-first heap   total reserved 1048576K, committed 908288K, used 366664K [0x00000000c0000000, 0x0000000100000000)
  region size 1024K, 4 young (4096K), 4 survivors (4096K)
}
Event: 141.009 {heap Before GC invocations=209 (full 0):
 garbage-first heap   total reserved 1048576K, committed 908288K, used 907336K [0x00000000c0000000, 0x0000000100000000)
  region size 1024K, 421 young (431104K), 4 survivors (4096K)
}
Event: 142.019 {heap After GC invocations=210 (full 0):
 garbage-first heap   total reserved 1048576K, committed 917504K, used 370389K [0x00000000c0000000, 0x0000000100000000)
  region size 1024K, 8 young (8192K), 8 survivors (8192K)
}
Event: 142.146 {heap Before GC invocations=210 (full 0):
 garbage-first heap   total reserved 1048576K, committed 917504K, used 376533K [0x00000000c0000000, 0x0000000100000000)
  region size 1024K, 15 young (15360K), 8 survivors (8192K)
}
Event: 142.149 {heap After GC invocations=211 (full 0):
 garbage-first heap   total reserved 1048576K, committed 917504K, used 364302K [0x00000000c0000000, 0x0000000100000000)
  region size 1024K, 3 young (3072K), 3 survivors (3072K)
}

Metaspace Usage History (20 events):
Event: 126.234 {metaspace Before GC invocations=198 (full 0):
 Metaspace       used 152362K, committed 153984K, reserved 1245184K
  class space    used 17176K, committed 17920K, reserved 1048576K
}
Event: 126.239 {metaspace After GC invocations=199 (full 0):
 Metaspace       used 152362K, committed 153984K, reserved 1245184K
  class space    used 17176K, committed 17920K, reserved 1048576K
}
Event: 126.649 {metaspace Before GC invocations=200 (full 0):
 Metaspace       used 152362K, committed 153984K, reserved 1245184K
  class space    used 17176K, committed 17920K, reserved 1048576K
}
Event: 126.655 {metaspace After GC invocations=201 (full 0):
 Metaspace       used 152362K, committed 153984K, reserved 1245184K
  class space    used 17176K, committed 17920K, reserved 1048576K
}
Event: 127.016 {metaspace Before GC invocations=201 (full 0):
 Metaspace       used 152362K, committed 153984K, reserved 1245184K
  class space    used 17176K, committed 17920K, reserved 1048576K
}
Event: 127.023 {metaspace After GC invocations=202 (full 0):
 Metaspace       used 152362K, committed 153984K, reserved 1245184K
  class space    used 17176K, committed 17920K, reserved 1048576K
}
Event: 127.029 {metaspace Before GC invocations=202 (full 0):
 Metaspace       used 152362K, committed 153984K, reserved 1245184K
  class space    used 17176K, committed 17920K, reserved 1048576K
}
Event: 127.034 {metaspace After GC invocations=203 (full 0):
 Metaspace       used 152362K, committed 153984K, reserved 1245184K
  class space    used 17176K, committed 17920K, reserved 1048576K
}
Event: 129.942 {metaspace Before GC invocations=204 (full 0):
 Metaspace       used 152403K, committed 154176K, reserved 1245184K
  class space    used 17178K, committed 17984K, reserved 1048576K
}
Event: 129.948 {metaspace After GC invocations=205 (full 0):
 Metaspace       used 152403K, committed 154176K, reserved 1245184K
  class space    used 17178K, committed 17984K, reserved 1048576K
}
Event: 133.029 {metaspace Before GC invocations=205 (full 0):
 Metaspace       used 152429K, committed 154176K, reserved 1245184K
  class space    used 17178K, committed 17984K, reserved 1048576K
}
Event: 133.037 {metaspace After GC invocations=206 (full 0):
 Metaspace       used 152429K, committed 154176K, reserved 1245184K
  class space    used 17178K, committed 17984K, reserved 1048576K
}
Event: 133.164 {metaspace Before GC invocations=206 (full 0):
 Metaspace       used 152429K, committed 154176K, reserved 1245184K
  class space    used 17178K, committed 17984K, reserved 1048576K
}
Event: 133.167 {metaspace After GC invocations=207 (full 0):
 Metaspace       used 152429K, committed 154176K, reserved 1245184K
  class space    used 17178K, committed 17984K, reserved 1048576K
}
Event: 136.673 {metaspace Before GC invocations=208 (full 0):
 Metaspace       used 152424K, committed 154176K, reserved 1245184K
  class space    used 17176K, committed 17984K, reserved 1048576K
}
Event: 136.679 {metaspace After GC invocations=209 (full 0):
 Metaspace       used 152424K, committed 154176K, reserved 1245184K
  class space    used 17176K, committed 17984K, reserved 1048576K
}
Event: 141.009 {metaspace Before GC invocations=209 (full 0):
 Metaspace       used 152424K, committed 154176K, reserved 1245184K
  class space    used 17176K, committed 17984K, reserved 1048576K
}
Event: 142.019 {metaspace After GC invocations=210 (full 0):
 Metaspace       used 152424K, committed 154176K, reserved 1245184K
  class space    used 17176K, committed 17984K, reserved 1048576K
}
Event: 142.146 {metaspace Before GC invocations=210 (full 0):
 Metaspace       used 152424K, committed 154176K, reserved 1245184K
  class space    used 17176K, committed 17984K, reserved 1048576K
}
Event: 142.149 {metaspace After GC invocations=211 (full 0):
 Metaspace       used 152424K, committed 154176K, reserved 1245184K
  class space    used 17176K, committed 17984K, reserved 1048576K
}

Dll operation events (13 events):
Event: 0.011 Loaded shared library C:\Program Files\Java\jdk-25\bin\java.dll
Event: 0.229 Loaded shared library C:\Program Files\Java\jdk-25\bin\net.dll
Event: 0.231 Loaded shared library C:\Program Files\Java\jdk-25\bin\nio.dll
Event: 0.235 Loaded shared library C:\Program Files\Java\jdk-25\bin\zip.dll
Event: 0.803 Loaded shared library C:\Program Files\Java\jdk-25\bin\jimage.dll
Event: 1.146 Loaded shared library C:\Program Files\Java\jdk-25\bin\management.dll
Event: 1.150 Loaded shared library C:\Program Files\Java\jdk-25\bin\management_ext.dll
Event: 2.211 Loaded shared library C:\Program Files\Java\jdk-25\bin\extnet.dll
Event: 2.636 Loaded shared library C:\Program Files\Java\jdk-25\bin\jaas.dll
Event: 3.074 Loaded shared library C:\Program Files\Java\jdk-25\bin\sunmscapi.dll
Event: 8.118 Loaded shared library C:\Program Files\Java\jdk-25\bin\verify.dll
Event: 8.373 Loaded shared library C:\Users\nehan\AppData\Local\Temp\liblz4-java-15172102840092547113.dll
Event: 12.041 Loaded shared library C:\Users\nehan\AppData\Local\Temp\snappy-1.1.10-919a5a49-b5a2-4c9e-9d5f-63597f23203c-snappyjava.dll

Deoptimization events (20 events):
Event: 126.227 Thread 0x000002544adb4fb0 DEOPT PACKING pc=0x0000025438d03db1 sp=0x000000cb3adff600
Event: 126.228 Thread 0x000002544adb4fb0 DEOPT UNPACKING pc=0x000002543f2012a2 sp=0x000000cb3adfeaa0 mode 0
Event: 126.806 Thread 0x000002545396fed0 DEOPT PACKING pc=0x00000254399872b4 sp=0x000000cb3e2fe1d0
Event: 126.807 Thread 0x000002545396fed0 DEOPT UNPACKING pc=0x000002543f2012a2 sp=0x000000cb3e2fd798 mode 0
Event: 145.134 Thread 0x00000254547c52c0 Uncommon trap: trap_request=0xffffff95 fr.pc=0x0000025440190058 relative=0x00000000000023d8
Event: 145.134 Thread 0x00000254547c52c0 Uncommon trap: reason=unreached action=reinterpret pc=0x0000025440190058 method=org.apache.spark.shuffle.sort.BypassMergeSortShuffleWriter.write(Lscala/collection/Iterator;)V @ 458 c2
Event: 145.134 Thread 0x00000254547c52c0 DEOPT PACKING pc=0x0000025440190058 sp=0x000000cb3e7fe800
Event: 145.134 Thread 0x00000254547c52c0 DEOPT UNPACKING pc=0x000002543f2e1702 sp=0x000000cb3e7fe7a8 mode 2
Event: 145.136 Thread 0x00000254547c52c0 Uncommon trap: trap_request=0xffffff45 fr.pc=0x00000254401606dc relative=0x000000000000005c
Event: 145.136 Thread 0x00000254547c52c0 Uncommon trap: reason=unstable_if action=reinterpret pc=0x00000254401606dc method=org.apache.spark.sql.execution.metric.SQLMetric.value()J @ 4 c2
Event: 145.136 Thread 0x00000254547c52c0 DEOPT PACKING pc=0x00000254401606dc sp=0x000000cb3e7fe600
Event: 145.136 Thread 0x00000254547c52c0 DEOPT UNPACKING pc=0x000002543f2e1702 sp=0x000000cb3e7fe590 mode 2
Event: 145.136 Thread 0x00000254547c52c0 Uncommon trap: trap_request=0xffffff45 fr.pc=0x000002543ffd4e28 relative=0x0000000000000528
Event: 145.136 Thread 0x00000254547c52c0 Uncommon trap: reason=unstable_if action=reinterpret pc=0x000002543ffd4e28 method=org.apache.spark.storage.DiskBlockObjectWriter.closeResources()V @ 4 c2
Event: 145.136 Thread 0x00000254547c52c0 DEOPT PACKING pc=0x000002543ffd4e28 sp=0x000000cb3e7fe620
Event: 145.136 Thread 0x00000254547c52c0 DEOPT UNPACKING pc=0x000002543f2e1702 sp=0x000000cb3e7fe600 mode 2
Event: 145.139 Thread 0x00000254547c52c0 Uncommon trap: trap_request=0xffffff45 fr.pc=0x000002543fca2848 relative=0x00000000000000c8
Event: 145.139 Thread 0x00000254547c52c0 Uncommon trap: reason=unstable_if action=reinterpret pc=0x000002543fca2848 method=org.apache.logging.log4j.core.Logger$PrivateConfig.filter(Lorg/apache/logging/log4j/Level;Lorg/apache/logging/log4j/Marker;Ljava/lang/String;)Z @ 66 c2
Event: 145.139 Thread 0x00000254547c52c0 DEOPT PACKING pc=0x000002543fca2848 sp=0x000000cb3e7fe4d0
Event: 145.139 Thread 0x00000254547c52c0 DEOPT UNPACKING pc=0x000002543f2e1702 sp=0x000000cb3e7fe3f0 mode 2

Classes loaded (20 events):
Event: 59.205 Loading class java/lang/org
Event: 59.205 Loading class java/lang/org done
Event: 59.241 Loading class java/lang/org
Event: 59.241 Loading class java/lang/org done
Event: 61.382 Loading class java/lang/PythonUtils
Event: 61.383 Loading class java/lang/PythonUtils done
Event: 61.404 Loading class java/lang/PythonUtils
Event: 61.404 Loading class java/lang/PythonUtils done
Event: 61.421 Loading class java/lang/PythonUtils
Event: 61.421 Loading class java/lang/PythonUtils done
Event: 62.073 Loading class java/lang/org
Event: 62.073 Loading class java/lang/org done
Event: 85.015 Loading class java/lang/org
Event: 85.015 Loading class java/lang/org done
Event: 87.198 Loading class java/lang/org
Event: 87.198 Loading class java/lang/org done
Event: 111.389 Loading class java/lang/org
Event: 111.389 Loading class java/lang/org done
Event: 127.093 Loading class java/lang/org
Event: 127.094 Loading class java/lang/org done

Classes unloaded (20 events):
Event: 32.205 Thread 0x000002544ad9f3b0 Unloading class 0x00000000030dd800 'java/lang/invoke/LambdaForm$MH+0x00000000030dd800'
Event: 32.205 Thread 0x000002544ad9f3b0 Unloading class 0x00000000030dd000 'java/lang/invoke/LambdaForm$MH+0x00000000030dd000'
Event: 32.205 Thread 0x000002544ad9f3b0 Unloading class 0x00000000030dc800 'java/lang/invoke/LambdaForm$MH+0x00000000030dc800'
Event: 32.205 Thread 0x000002544ad9f3b0 Unloading class 0x00000000030dc400 'java/lang/invoke/LambdaForm$MH+0x00000000030dc400'
Event: 32.205 Thread 0x000002544ad9f3b0 Unloading class 0x00000000030dbc00 'java/lang/invoke/LambdaForm$MH+0x00000000030dbc00'
Event: 32.205 Thread 0x000002544ad9f3b0 Unloading class 0x00000000030db000 'java/lang/invoke/LambdaForm$MH+0x00000000030db000'
Event: 32.205 Thread 0x000002544ad9f3b0 Unloading class 0x00000000030da800 'java/lang/invoke/LambdaForm$MH+0x00000000030da800'
Event: 32.205 Thread 0x000002544ad9f3b0 Unloading class 0x00000000030da400 'java/lang/invoke/LambdaForm$DMH+0x00000000030da400'
Event: 32.205 Thread 0x000002544ad9f3b0 Unloading class 0x00000000030d9800 'java/lang/invoke/LambdaForm$MH+0x00000000030d9800'
Event: 32.205 Thread 0x000002544ad9f3b0 Unloading class 0x00000000030d9000 'java/lang/invoke/LambdaForm$DMH+0x00000000030d9000'
Event: 32.205 Thread 0x000002544ad9f3b0 Unloading class 0x00000000030d8800 'java/lang/invoke/LambdaForm$MH+0x00000000030d8800'
Event: 32.205 Thread 0x000002544ad9f3b0 Unloading class 0x00000000030d8000 'java/lang/invoke/LambdaForm$MH+0x00000000030d8000'
Event: 32.205 Thread 0x000002544ad9f3b0 Unloading class 0x00000000030d3800 'java/lang/invoke/LambdaForm$MH+0x00000000030d3800'
Event: 32.205 Thread 0x000002544ad9f3b0 Unloading class 0x00000000030d3000 'java/lang/invoke/LambdaForm$MH+0x00000000030d3000'
Event: 32.205 Thread 0x000002544ad9f3b0 Unloading class 0x00000000030d2800 'java/lang/invoke/LambdaForm$MH+0x00000000030d2800'
Event: 60.651 Thread 0x000002544ad9f3b0 Unloading class 0x0000000003145400 'java/lang/invoke/LambdaForm$DMH+0x0000000003145400'
Event: 94.912 Thread 0x000002544ad9f3b0 Unloading class 0x0000000002a61800 'org/apache/spark/sql/catalyst/expressions/GeneratedClass'
Event: 112.087 Thread 0x000002544ad9f3b0 Unloading class 0x0000000002e44400 'org/apache/spark/sql/catalyst/expressions/GeneratedClass'
Event: 133.265 Thread 0x000002544ad9f3b0 Unloading class 0x0000000003070800 'org/apache/spark/sql/catalyst/expressions/GeneratedClass$SpecificUnsafeProjection'
Event: 133.265 Thread 0x000002544ad9f3b0 Unloading class 0x0000000002e3f400 'org/apache/spark/sql/catalyst/expressions/GeneratedClass'

Classes redefined (0 events):
No events

Internal exceptions (20 events):
Event: 54.408 Thread 0x00000254547c52c0 Exception <a 'java/lang/NoSuchMethodError'{0x00000000d3b38058}: 'java.lang.Object java.lang.invoke.Invokers$Holder.linkToTargetMethod(java.lang.Object, java.lang.Object, java.lang.Object, java.lang.Object, java.lang.Object, int, java.lang.Object, java.lang.Object)'> (0x00000000d3b38058) 
thrown [s\open\src\hotspot\share\interpreter\linkResolver.cpp, line 804]
Event: 54.441 Thread 0x00000254547c52c0 Exception <a 'java/lang/NoSuchMethodError'{0x00000000d39f1060}: 'java.lang.Object java.lang.invoke.DelegatingMethodHandle$Holder.reinvoke_L(java.lang.Object, java.lang.Object, java.lang.Object, java.lang.Object, java.lang.Object, int, java.lang.Object, java.lang.Object, java.lang.Object, java.lang.Object, java.lang.Object, java.lang.Object, java.lang.Object, java.lang.Object)'> (0x00000000d39f1060) 
thrown [s\open\src\hotspot\share\interpreter\linkResolver.cpp, line 804]
Event: 54.489 Thread 0x00000254547c52c0 Implicit null exception at 0x00000254400bacd0 to 0x00000254400bb68c
Event: 54.698 Thread 0x0000025454ff21b0 Exception <a 'java/lang/NoSuchMethodError'{0x00000000d23a4f48}: 'java.lang.Object java.lang.invoke.DelegatingMethodHandle$Holder.reinvoke_L(java.lang.Object, java.lang.Object, java.lang.Object, java.lang.Object, java.lang.Object, java.lang.Object, java.lang.Object, java.lang.Object, int, int, java.lang.Object, java.lang.Object)'> (0x00000000d23a4f48) 
thrown [s\open\src\hotspot\share\interpreter\linkResolver.cpp, line 804]
Event: 54.700 Thread 0x0000025454ff21b0 Exception <a 'java/lang/NoSuchMethodError'{0x00000000d23e6130}: 'java.lang.Object java.lang.invoke.DirectMethodHandle$Holder.invokeSpecial(java.lang.Object, java.lang.Object, java.lang.Object, java.lang.Object, java.lang.Object, java.lang.Object, int, int, java.lang.Object, java.lang.Object)'> (0x00000000d23e6130) 
thrown [s\open\src\hotspot\share\interpreter\linkResolver.cpp, line 804]
Event: 54.700 Thread 0x0000025454ff21b0 Exception <a 'java/lang/NoSuchMethodError'{0x00000000d23ef628}: 'java.lang.Object java.lang.invoke.DelegatingMethodHandle$Holder.reinvoke_L(java.lang.Object, java.lang.Object, java.lang.Object, java.lang.Object, java.lang.Object, int, int, java.lang.Object, java.lang.Object)'> (0x00000000d23ef628) 
thrown [s\open\src\hotspot\share\interpreter\linkResolver.cpp, line 804]
Event: 54.752 Thread 0x0000025454ff21b0 Exception <a 'java/lang/NoSuchMethodError'{0x00000000d19a6ff0}: static Ljava/lang/Object;.<clinit>()V> (0x00000000d19a6ff0) 
thrown [s\open\src\hotspot\share\prims\jni.cpp, line 1106]
Event: 54.757 Thread 0x0000025454ff21b0 Exception <a 'java/lang/NoSuchMethodError'{0x00000000d18daa50}: static Lorg/apache/spark/sql/catalyst/expressions/BitwiseOr;.<clinit>()V> (0x00000000d18daa50) 
thrown [s\open\src\hotspot\share\prims\jni.cpp, line 1106]
Event: 54.757 Thread 0x0000025454ff21b0 Exception <a 'java/lang/NoSuchMethodError'{0x00000000d18f92c0}: static Lorg/apache/spark/sql/catalyst/expressions/BitwiseAnd;.<clinit>()V> (0x00000000d18f92c0) 
thrown [s\open\src\hotspot\share\prims\jni.cpp, line 1106]
Event: 54.757 Thread 0x0000025454ff21b0 Exception <a 'java/lang/NoSuchMethodError'{0x00000000d1712d90}: static Lorg/apache/spark/sql/catalyst/expressions/ShiftLeft;.<clinit>()V> (0x00000000d1712d90) 
thrown [s\open\src\hotspot\share\prims\jni.cpp, line 1106]
Event: 54.785 Thread 0x000002545396fed0 Exception <a 'java/lang/NoSuchMethodError'{0x00000000d12fa298}: 'long java.lang.invoke.DirectMethodHandle$Holder.invokeStatic(java.lang.Object, long, int)'> (0x00000000d12fa298) 
thrown [s\open\src\hotspot\share\interpreter\linkResolver.cpp, line 804]
Event: 54.785 Thread 0x00000254547c52c0 Exception <a 'java/lang/NoSuchMethodError'{0x00000000d1159d20}: 'long java.lang.invoke.DirectMethodHandle$Holder.invokeStatic(java.lang.Object, long, int)'> (0x00000000d1159d20) 
thrown [s\open\src\hotspot\share\interpreter\linkResolver.cpp, line 804]
Event: 56.558 Thread 0x00000254520ec780 Exception <a 'java/lang/NoSuchMethodError'{0x00000000dcdab150}: static Lorg/apache/spark/sql/catalyst/plans/physical/PartitioningCollection;.<clinit>()V> (0x00000000dcdab150) 
thrown [s\open\src\hotspot\share\prims\jni.cpp, line 1106]
Event: 59.038 Thread 0x000002545396fed0 Implicit null exception at 0x000002543fc54684 to 0x000002543fc58430
Event: 61.842 Thread 0x0000025451480a00 Exception <a 'java/lang/NoSuchMethodError'{0x00000000d68b22c8}: 'java.lang.Object java.lang.invoke.DelegatingMethodHandle$Holder.reinvoke_L(java.lang.Object, java.lang.Object, java.lang.Object, java.lang.Object, java.lang.Object, java.lang.Object, java.lang.Object, int)'> (0x00000000d68b22c8) 
thrown [s\open\src\hotspot\share\interpreter\linkResolver.cpp, line 804]
Event: 61.976 Thread 0x0000025451480a00 Exception <a 'java/lang/NoSuchMethodError'{0x00000000d67b82f0}: 'java.lang.Object java.lang.invoke.DirectMethodHandle$Holder.invokeStatic(java.lang.Object, java.lang.Object, int, java.lang.Object, java.lang.Object, java.lang.Object, java.lang.Object)'> (0x00000000d67b82f0) 
thrown [s\open\src\hotspot\share\interpreter\linkResolver.cpp, line 804]
Event: 61.977 Thread 0x0000025451480a00 Exception <a 'java/lang/NoSuchMethodError'{0x00000000d67cbe38}: 'java.lang.Object java.lang.invoke.DirectMethodHandle$Holder.newInvokeSpecial(java.lang.Object, java.lang.Object, int, java.lang.Object, java.lang.Object, java.lang.Object)'> (0x00000000d67cbe38) 
thrown [s\open\src\hotspot\share\interpreter\linkResolver.cpp, line 804]
Event: 85.613 Thread 0x0000025453970e70 Implicit null exception at 0x000002543fedf0f9 to 0x000002543fedf730
Event: 145.134 Thread 0x00000254547c52c0 Exception <a 'java/io/FileNotFoundException'{0x00000000ee2388f0}> (0x00000000ee2388f0) 
thrown [s\open\src\hotspot\share\prims\jni.cpp, line 516]
Event: 145.139 Thread 0x00000254547c52c0 Exception <a 'sun/nio/fs/WindowsException'{0x00000000ee25aa50}> (0x00000000ee25aa50) 
thrown [s\open\src\hotspot\share\prims\jni.cpp, line 516]

VM Operations (20 events):
Event: 129.942 Executing safepoint VM operation: G1CollectForAllocation (G1 Evacuation Pause)
Event: 129.948 Executing safepoint VM operation: G1CollectForAllocation (G1 Evacuation Pause) done
Event: 133.029 Executing safepoint VM operation: G1CollectForAllocation (G1 Evacuation Pause)
Event: 133.037 Executing safepoint VM operation: G1CollectForAllocation (G1 Evacuation Pause) done
Event: 133.163 Executing safepoint VM operation: G1TryInitiateConcMark (G1 Humongous Allocation)
Event: 133.168 Executing safepoint VM operation: G1TryInitiateConcMark (G1 Humongous Allocation) done
Event: 133.264 Executing safepoint VM operation: G1PauseRemark
Event: 133.288 Executing safepoint VM operation: G1PauseRemark done
Event: 133.320 Executing safepoint VM operation: G1PauseCleanup
Event: 133.320 Executing safepoint VM operation: G1PauseCleanup done
Event: 136.673 Executing safepoint VM operation: G1CollectForAllocation (G1 Evacuation Pause)
Event: 136.679 Executing safepoint VM operation: G1CollectForAllocation (G1 Evacuation Pause) done
Event: 141.009 Executing safepoint VM operation: G1CollectForAllocation (G1 Evacuation Pause)
Event: 142.019 Executing safepoint VM operation: G1CollectForAllocation (G1 Evacuation Pause) done
Event: 142.145 Executing safepoint VM operation: G1TryInitiateConcMark (G1 Humongous Allocation)
Event: 142.150 Executing safepoint VM operation: G1TryInitiateConcMark (G1 Humongous Allocation) done
Event: 142.251 Executing safepoint VM operation: G1PauseRemark
Event: 142.270 Executing safepoint VM operation: G1PauseRemark done
Event: 142.304 Executing safepoint VM operation: G1PauseCleanup
Event: 142.304 Executing safepoint VM operation: G1PauseCleanup done

Memory protections (0 events):
No events

Nmethod flushes (20 events):
Event: 142.264 Thread 0x000002544ad9f3b0 flushing  nmethod 0x0000025439068388
Event: 142.264 Thread 0x000002544ad9f3b0 flushing  nmethod 0x0000025439624788
Event: 142.264 Thread 0x000002544ad9f3b0 flushing  nmethod 0x0000025439624a88
Event: 142.264 Thread 0x000002544ad9f3b0 flushing  nmethod 0x00000254387c3788
Event: 142.264 Thread 0x000002544ad9f3b0 flushing  nmethod 0x0000025438d01408
Event: 142.264 Thread 0x000002544ad9f3b0 flushing  nmethod 0x00000254393b4d88
Event: 142.264 Thread 0x000002544ad9f3b0 flushing  nmethod 0x00000254395f8c08
Event: 142.264 Thread 0x000002544ad9f3b0 flushing  nmethod 0x0000025439641188
Event: 142.264 Thread 0x000002544ad9f3b0 flushing  nmethod 0x000002543967cb88
Event: 142.264 Thread 0x000002544ad9f3b0 flushing  nmethod 0x0000025437f34388
Event: 142.264 Thread 0x000002544ad9f3b0 flushing  nmethod 0x0000025438da6708
Event: 142.264 Thread 0x000002544ad9f3b0 flushing  nmethod 0x0000025438f26208
Event: 142.264 Thread 0x000002544ad9f3b0 flushing  nmethod 0x00000254395fc208
Event: 142.264 Thread 0x000002544ad9f3b0 flushing  nmethod 0x0000025439673708
Event: 142.264 Thread 0x000002544ad9f3b0 flushing  nmethod 0x0000025439b03a88
Event: 142.264 Thread 0x000002544ad9f3b0 flushing  nmethod 0x0000025439612f08
Event: 142.264 Thread 0x000002544ad9f3b0 flushing  nmethod 0x0000025439983208
Event: 142.264 Thread 0x000002544ad9f3b0 flushing  nmethod 0x000002543873a708
Event: 142.264 Thread 0x000002544ad9f3b0 flushing  nmethod 0x0000025438b05208
Event: 142.264 Thread 0x000002544ad9f3b0 flushing  nmethod 0x00000254395cf208

Events (20 events):
Event: 126.231 Thread 0x0000025452539e80 Thread added: 0x000002545af11550
Event: 126.246 Thread 0x000002545af11550 Thread added: 0x000002545af105b0
Event: 126.246 Thread 0x000002545af11550 Thread added: 0x000002545af0dea0
Event: 126.246 Thread 0x000002545af0dea0 Thread added: 0x0000025452e65d60
Event: 126.247 Thread 0x0000025452e65d60 Thread added: 0x0000025452e645f0
Event: 127.095 Thread 0x0000025454e4f8a0 Thread added: 0x000002545b236870
Event: 127.393 Thread 0x0000025453ce9b70 Thread exited: 0x0000025453ce9b70
Event: 127.395 Thread 0x000002545bbb16f0 Thread exited: 0x000002545bbb16f0
Event: 127.398 Thread 0x000002545bb93a60 Thread exited: 0x000002545bb93a60
Event: 127.544 Thread 0x000002545bb959a0 Thread exited: 0x000002545bb959a0
Event: 127.545 Thread 0x000002545bb922f0 Thread exited: 0x000002545bb922f0
Event: 127.545 Thread 0x0000025453ce5520 Thread exited: 0x0000025453ce5520
Event: 133.294 Thread 0x0000025452539e80 Thread added: 0x000002545a6ade00
Event: 133.308 Thread 0x000002545a6ade00 Thread added: 0x0000025451b27740
Event: 133.308 Thread 0x000002545a6ade00 Thread added: 0x0000025451b286e0
Event: 133.315 Thread 0x0000025451b286e0 Thread added: 0x00000254511ca400
Event: 133.316 Thread 0x00000254511ca400 Thread added: 0x000002545bb86f40
Event: 145.636 Thread 0x000002545b0a0400 Thread exited: 0x000002545b0a0400
Event: 145.650 Thread 0x000002545b0a13a0 Thread exited: 0x000002545b0a13a0
Event: 145.650 Thread 0x000002545b09ec90 Thread exited: 0x000002545b09ec90


Dynamic libraries:
0x00007ff669f40000 - 0x00007ff669f50000 	C:\Program Files\Java\jdk-25\bin\java.exe
0x00007fffeaa60000 - 0x00007fffeacc6000 	C:\WINDOWS\SYSTEM32\ntdll.dll
0x00007fffe8d50000 - 0x00007fffe8e19000 	C:\WINDOWS\System32\KERNEL32.DLL
0x00007fffe7fa0000 - 0x00007fffe839f000 	C:\WINDOWS\System32\KERNELBASE.dll
0x00007fffe8470000 - 0x00007fffe85bc000 	C:\WINDOWS\System32\ucrtbase.dll
0x00007fffb0570000 - 0x00007fffb058e000 	C:\Program Files\Java\jdk-25\bin\VCRUNTIME140.dll
0x00007fffa1d00000 - 0x00007fffa1d17000 	C:\Program Files\Java\jdk-25\bin\jli.dll
0x00007fffea3b0000 - 0x00007fffea576000 	C:\WINDOWS\System32\USER32.dll
0x00007fffe8760000 - 0x00007fffe8787000 	C:\WINDOWS\System32\win32u.dll
0x00007fffc8cf0000 - 0x00007fffc8f81000 	C:\WINDOWS\WinSxS\amd64_microsoft.windows.common-controls_6595b64144ccf1df_6.0.26100.8972_none_3e0da176e32f9d4b\COMCTL32.dll
0x00007fffe8e20000 - 0x00007fffe8e4b000 	C:\WINDOWS\System32\GDI32.dll
0x00007fffe92f0000 - 0x00007fffe9399000 	C:\WINDOWS\System32\msvcrt.dll
0x00007fffe7e70000 - 0x00007fffe7f99000 	C:\WINDOWS\System32\gdi32full.dll
0x00007fffe7c70000 - 0x00007fffe7d13000 	C:\WINDOWS\System32\msvcp_win.dll
0x00007fffe93a0000 - 0x00007fffe93d2000 	C:\WINDOWS\System32\IMM32.DLL
0x00007fffd03c0000 - 0x00007fffd03cc000 	C:\Program Files\Java\jdk-25\bin\vcruntime140_1.dll
0x00007fff49170000 - 0x00007fff491fd000 	C:\Program Files\Java\jdk-25\bin\msvcp140.dll
0x00007ffef0880000 - 0x00007ffef16df000 	C:\Program Files\Java\jdk-25\bin\server\jvm.dll
0x00007fffe9470000 - 0x00007fffe952c000 	C:\WINDOWS\System32\ADVAPI32.dll
0x00007fffe8ee0000 - 0x00007fffe8f8a000 	C:\WINDOWS\System32\sechost.dll
0x00007fffe8790000 - 0x00007fffe88a8000 	C:\WINDOWS\System32\RPCRT4.dll
0x00007fffea990000 - 0x00007fffeaa12000 	C:\WINDOWS\System32\WS2_32.dll
0x00007fffe7ad0000 - 0x00007fffe7b2e000 	C:\WINDOWS\SYSTEM32\POWRPROF.dll
0x00007fffde990000 - 0x00007fffde9c6000 	C:\WINDOWS\SYSTEM32\WINMM.dll
0x00007fffdaaa0000 - 0x00007fffdaaab000 	C:\WINDOWS\SYSTEM32\VERSION.dll
0x00007fffe7ab0000 - 0x00007fffe7ac5000 	C:\WINDOWS\SYSTEM32\UMPDC.dll
0x00007fffe6960000 - 0x00007fffe697b000 	C:\WINDOWS\SYSTEM32\kernel.appcore.dll
0x00007fffd01c0000 - 0x00007fffd01ca000 	C:\Program Files\Java\jdk-25\bin\jimage.dll
0x00007fffe5160000 - 0x00007fffe53a2000 	C:\WINDOWS\SYSTEM32\DBGHELP.DLL
0x00007fffea580000 - 0x00007fffea905000 	C:\WINDOWS\System32\combase.dll
0x00007fffe9d30000 - 0x00007fffe9e09000 	C:\WINDOWS\System32\OLEAUT32.dll
0x00007fffde950000 - 0x00007fffde98b000 	C:\WINDOWS\SYSTEM32\dbgcore.DLL
0x00007fffe83b0000 - 0x00007fffe845c000 	C:\WINDOWS\System32\bcryptPrimitives.dll
0x00007fff8f240000 - 0x00007fff8f25f000 	C:\Program Files\Java\jdk-25\bin\java.dll
0x00007fffe9e10000 - 0x00007fffe9fa9000 	C:\WINDOWS\System32\ole32.dll
0x00007fffe9550000 - 0x00007fffe9cd8000 	C:\WINDOWS\System32\SHELL32.dll
0x00007fffe56f0000 - 0x00007fffe5f8b000 	C:\WINDOWS\SYSTEM32\windows.storage.dll
0x00007fffea1b0000 - 0x00007fffea2a9000 	C:\WINDOWS\System32\SHCORE.dll
0x00007fffe8fa0000 - 0x00007fffe9006000 	C:\WINDOWS\System32\shlwapi.dll
0x00007fffe7b90000 - 0x00007fffe7bb9000 	C:\WINDOWS\SYSTEM32\profapi.dll
0x00007fff8ef20000 - 0x00007fff8ef32000 	C:\Program Files\Java\jdk-25\bin\net.dll
0x00007fffe6f10000 - 0x00007fffe6f7c000 	C:\WINDOWS\system32\mswsock.dll
0x00007fff878c0000 - 0x00007fff878d6000 	C:\Program Files\Java\jdk-25\bin\nio.dll
0x00007fff86710000 - 0x00007fff86727000 	C:\Program Files\Java\jdk-25\bin\zip.dll
0x00007fffc9eb0000 - 0x00007fffc9eba000 	C:\Program Files\Java\jdk-25\bin\management.dll
0x00007fffc9e30000 - 0x00007fffc9e3c000 	C:\Program Files\Java\jdk-25\bin\management_ext.dll
0x00007fffe8d40000 - 0x00007fffe8d48000 	C:\WINDOWS\System32\PSAPI.DLL
0x00007fffba030000 - 0x00007fffba048000 	C:\WINDOWS\system32\napinsp.dll
0x00007fffe63e0000 - 0x00007fffe6538000 	C:\WINDOWS\SYSTEM32\DNSAPI.dll
0x00007fffe6cf0000 - 0x00007fffe6cfd000 	C:\WINDOWS\SYSTEM32\DSPARSE.dll
0x00007fffe6340000 - 0x00007fffe6373000 	C:\WINDOWS\SYSTEM32\IPHLPAPI.DLL
0x00007fffe8f90000 - 0x00007fffe8f9a000 	C:\WINDOWS\System32\NSI.dll
0x00007fffb9f90000 - 0x00007fffb9fa3000 	C:\WINDOWS\System32\winrnr.dll
0x00007fffb9f60000 - 0x00007fffb9f82000 	C:\WINDOWS\system32\nlansp_c.dll
0x00007fffd3d40000 - 0x00007fffd3d56000 	C:\WINDOWS\system32\wshbth.dll
0x00007fffdb190000 - 0x00007fffdb19b000 	C:\Windows\System32\rasadhlp.dll
0x00007fffdcd00000 - 0x00007fffdcd86000 	C:\WINDOWS\System32\fwpuclnt.dll
0x00007fffe7200000 - 0x00007fffe721b000 	C:\WINDOWS\SYSTEM32\CRYPTSP.dll
0x00007fffe68c0000 - 0x00007fffe68f9000 	C:\WINDOWS\system32\rsaenh.dll
0x00007fffe6fc0000 - 0x00007fffe6ff2000 	C:\WINDOWS\SYSTEM32\USERENV.dll
0x00007fffe7b60000 - 0x00007fffe7b8a000 	C:\WINDOWS\SYSTEM32\bcrypt.dll
0x00007fffe7220000 - 0x00007fffe722c000 	C:\WINDOWS\SYSTEM32\CRYPTBASE.dll
0x00007fffc8f90000 - 0x00007fffc8f99000 	C:\Program Files\Java\jdk-25\bin\extnet.dll
0x00007fffc87b0000 - 0x00007fffc87b9000 	C:\Program Files\Java\jdk-25\bin\jaas.dll
0x00007fffc7590000 - 0x00007fffc759e000 	C:\Program Files\Java\jdk-25\bin\sunmscapi.dll
0x00007fffe85d0000 - 0x00007fffe874e000 	C:\WINDOWS\System32\CRYPT32.dll
0x00007fffe7440000 - 0x00007fffe7470000 	C:\WINDOWS\SYSTEM32\ncrypt.dll
0x00007fffe73f0000 - 0x00007fffe742f000 	C:\WINDOWS\SYSTEM32\NTASN1.dll
0x00007fffa1e60000 - 0x00007fffa1e68000 	C:\WINDOWS\system32\wshunix.dll
0x00007fffb99f0000 - 0x00007fffb9a00000 	C:\Program Files\Java\jdk-25\bin\verify.dll
0x00007fff49c10000 - 0x00007fff49c58000 	C:\Users\nehan\AppData\Local\Temp\liblz4-java-15172102840092547113.dll
0x0000000070fc0000 - 0x000000007108f000 	C:\Users\nehan\AppData\Local\Temp\snappy-1.1.10-919a5a49-b5a2-4c9e-9d5f-63597f23203c-snappyjava.dll

JVMTI agents: none

dbghelp: loaded successfully - version: 4.0.5 - missing functions: none
symbol engine: initialized successfully - sym options: 0x614 - pdb path: .;C:\Program Files\Java\jdk-25\bin;C:\WINDOWS\SYSTEM32;C:\WINDOWS\WinSxS\amd64_microsoft.windows.common-controls_6595b64144ccf1df_6.0.26100.8972_none_3e0da176e32f9d4b;C:\Program Files\Java\jdk-25\bin\server;C:\Users\nehan\AppData\Local\Temp

VM Arguments:
jvm_args: -Xmx1g -XX:+IgnoreUnrecognizedVMOptions --add-modules=jdk.incubator.vector --add-opens=java.base/java.lang=ALL-UNNAMED --add-opens=java.base/java.lang.invoke=ALL-UNNAMED --add-opens=java.base/java.lang.reflect=ALL-UNNAMED --add-opens=java.base/java.io=ALL-UNNAMED --add-opens=java.base/java.net=ALL-UNNAMED --add-opens=java.base/java.nio=ALL-UNNAMED --add-opens=java.base/java.util=ALL-UNNAMED --add-opens=java.base/java.util.concurrent=ALL-UNNAMED --add-opens=java.base/java.util.concurrent.atomic=ALL-UNNAMED --add-opens=java.base/jdk.internal.ref=ALL-UNNAMED --add-opens=java.base/sun.nio.ch=ALL-UNNAMED --add-opens=java.base/sun.nio.cs=ALL-UNNAMED --add-opens=java.base/sun.security.action=ALL-UNNAMED --add-opens=java.base/sun.util.calendar=ALL-UNNAMED --add-opens=java.security.jgss/sun.security.krb5=ALL-UNNAMED -Dio.netty.tryReflectionSetAccessible=true -Dio.netty.allocator.type=pooled -Dio.netty.handler.ssl.defaultEndpointVerificationAlgorithm=NONE --sun-misc-unsafe-memory-access=allow --enable-native-access=ALL-UNNAMED -Dderby.connection.requireAuthentication=false 
java_command: org.apache.spark.deploy.SparkSubmit --conf spark.master=local[2] --conf spark.hadoop.io.native.lib.available=false --conf spark.app.name=StreamRec-Recommender --conf spark.driver.bindAddress=127.0.0.1 --conf spark.driver.host=127.0.0.1 --conf spark.ui.enabled=false pyspark-shell
java_class_path (initial): C:\Users\nehan\AppData\Local\Programs\Python\Python310\Lib\site-packages\pyspark\bin\..\conf;C:\Users\nehan\AppData\Local\Programs\Python\Python310\Lib\site-packages\pyspark\bin\..\jars\slf4j-api-2.0.17.jar;C:\Users\nehan\AppData\Local\Programs\Python\Python310\Lib\site-packages\pyspark\bin\..\jars\aircompressor-2.0.3.jar;C:\Users\nehan\AppData\Local\Programs\Python\Python310\Lib\site-packages\pyspark\bin\..\jars\algebra_2.13-2.8.0.jar;C:\Users\nehan\AppData\Local\Programs\Python\Python310\Lib\site-packages\pyspark\bin\..\jars\antlr-runtime-3.5.2.jar;C:\Users\nehan\AppData\Local\Programs\Python\Python310\Lib\site-packages\pyspark\bin\..\jars\antlr4-runtime-4.13.1.jar;C:\Users\nehan\AppData\Local\Programs\Python\Python310\Lib\site-packages\pyspark\bin\..\jars\aopalliance-repackaged-3.0.6.jar;C:\Users\nehan\AppData\Local\Programs\Python\Python310\Lib\site-packages\pyspark\bin\..\jars\arpack-3.2.0.jar;C:\Users\nehan\AppData\Local\Programs\Python\Python310\Lib\site-packages\pyspark\bin\..\jars\arpack_combined_all-0.1.jar;C:\Users\nehan\AppData\Local\Programs\Python\Python310\Lib\site-packages\pyspark\bin\..\jars\arrow-compression-19.0.0.jar;C:\Users\nehan\AppData\Local\Programs\Python\Python310\Lib\site-packages\pyspark\bin\..\jars\arrow-format-19.0.0.jar;C:\Users\nehan\AppData\Local\Programs\Python\Python310\Lib\site-packages\pyspark\bin\..\jars\arrow-memory-core-19.0.0.jar;C:\Users\nehan\AppData\Local\Programs\Python\Python310\Lib\site-packages\pyspark\bin\..\jars\arrow-memory-netty-19.0.0.jar;C:\Users\nehan\AppData\Local\Programs\Python\Python310\Lib\site-packages\pyspark\bin\..\jars\arrow-memory-netty-buffer-patch-19.0.0.jar;C:\Users\nehan\AppData\Local\Programs\Python\Python310\Lib\site-packages\pyspark\bin\..\jars\arrow-vector-19.0.0.jar;C:\Users\nehan\AppData\Local\Programs\Python\Python310\Lib\site-packages\pyspark\bin\..\jars\audience-annotations-0.12.0.jar;C:\Users\nehan\AppData\Local\Programs\Python\Python310\Lib\site-packages\pyspark\bin\..\jars\avro-1.12.1.jar;C:\Users\nehan\AppData\Local\Programs\Python\Python310\Lib\site-packages\pyspark\bin\..\jars\avro-ipc-1.12.1.jar;C:\Users\nehan\AppData\Local\Programs\Python\Python310\Lib\site-packages\pyspark\bin\..\jars\avro-mapred-1.12.1.jar;C:\Users\nehan\AppData\Local\Programs\Python\Python310\Lib\site-packages\pyspark\bin\..\jars\blas-3.2.0.jar;C:\Users\nehan\AppData\Local\Programs\Python\Python310\Lib\site-packages\pyspark\bin\..\jars\breeze-macros_2.13-2.1.0.jar;C:\Users\nehan\AppData\Local\Programs\Python\Python310\Lib\site-packages\pyspark\bin\..\jars\breeze_2.13-2.1.0.jar;C:\Users\nehan\AppData\Local\Programs\Python\Python310\Lib\site-packages\pyspark\bin\..\jars\cats-kernel_2.13-2.8.0.jar;C:\Users\nehan\AppData\Local\Programs\Python\Python310\Lib\site-packages\pyspark\bin\..\jars\chill-java-0.10.0.jar;C:\Users\nehan\AppData\Local\Programs\Python\Python310\Lib\site-packages\pyspark\bin\..\jars\chill_2.13-0.10.0.jar;C:\Users\nehan\AppData\Local\Programs\Python\Python310\Lib\site-packages\pyspark\bin\..\jars\commons-cli-1.11.0.jar;C:\Users\nehan\AppData\Local\Programs\Python\Python310\Lib\site-packages\pyspark\bin\..\jars\commons-codec-1.22.0.jar;C:\Users\nehan\AppData\Local\Programs\Python\Python310\Lib\site-packages\pyspark\bin\..\jars\commons-collections4-4.5.0.jar;C:\Users\nehan\AppData\Local\Programs\Python\Python310\Lib\site-packages\pyspark\bin\..\jars\commons-compiler-3.1.9.jar;C:\Users\nehan\AppData\Local\Programs\Python\Python310\Lib\site-packages\pyspark\bin\..\jars\commons-compress-1.28.0.jar;C:\Users\nehan\AppData\Local\Programs\Python\Python310\Lib\site-packages\pyspark\bin\..\jars\commons-crypto-1.1.0.jar;C:\Users\nehan\AppData\Local\Programs\Python\Python310\Lib\site-packages\pyspark\bin\..\jars\commons-dbcp-1.4.jar;C:\Users\nehan\AppData\Local\Programs\Python\Python310\Lib\site-packages\pyspark\bin\..\jars\commons-io-2.22.0.jar;C:\Users\nehan\AppData\Local\Programs\Python\Python310\Lib\site-packages\pyspark\bin\..\jars\commons-lang-2.6.jar;C:\Users\nehan\AppData\Local\Programs\Python\Python310\Lib\site-packages\pyspark\bin\..\jars\commons-lang3-3.20.0.jar;C:\Users\nehan\AppData\Local\Programs\Python\Python310\Lib\site-packages\pyspark\bin\..\jars\commons-math3-3.6.1.jar;C:\Users\nehan\AppData\Local\Programs\Python\Python310\Lib\site-packages\pyspark\bin\..\jars\commons-pool-1.5.4.jar;C:\Users\nehan\AppData\Local\Programs\Python\Python310\Lib\site-packages\pyspark\bin\..\jars\commons-text-1.15.0.jar;C:\Users\nehan\AppData\Local\Programs\Python\Python310\Lib\site-packages\pyspark\bin\..\jars\compress-lzf-1.2.0.jar;C:\Users\nehan\AppData\Local\Programs\Python\Python310\Lib\site-packages\pyspark\bin\..\jars\curator-client-5.9.0.jar;C:\Users\nehan\AppData\Local\Programs\Python\Python310\Lib\site-packages\pyspark\bin\..\jars\curator-framework-5.9.0.jar;C:\Users\nehan\AppData\Local\Programs\Python\Python310\Lib\site-packages\pyspark\bin\..\jars\curator-recipes-5.9.0.jar;C:\Users\nehan\AppData\Local\Programs\Python\Python310\Lib\site-packages\pyspark\bin\..\jars\datanucleus-api-jdo-4.2.4.jar;C:\Users\nehan\AppData\Local\Programs\Python\Python310\Lib\site-packages\pyspark\bin\..\jars\datanucleus-core-4.1.17.jar;C:\Users\nehan\AppData\Local\Programs\Python\Python310\Lib\site-packages\pyspark\bin\..\jars\datanucleus-rdbms-4.1.19.jar;C:\Users\nehan\AppData\Local\Programs\Python\Python310\Lib\site-packages\pyspark\bin\..\jars\datasketches-java-6.2.0.jar;C:\Users\nehan\AppData\Local\Programs\Python\Python310\Lib\site-packages\pyspark\bin\..\jars\datasketches-memory-3.0.2.jar;C:\Users\nehan\AppData\Local\Programs\Python\Python310\Lib\site-packages\pyspark\bin\..\jars\derby-10.16.1.1.jar;C:\Users\nehan\AppData\Local\Programs\Python\Python310\Lib\site-packages\pyspark\bin\..\jars\derbyshared-10.16.1.1.jar;C:\Users\nehan\AppData\Local\Programs\Python\Python310\Lib\site-packages\pyspark\bin\..\jars\derbytools-10.16.1.1.jar;C:\Users\nehan\AppData\Local\Programs\Python\Python310\Lib\site-packages\pyspark\bin\..\jars\dropwizard-metrics-hadoop-metrics2-reporter-0.1.2.jar;C:\Users\nehan\AppData\Local\Programs\Python\Python310\Lib\site-packages\pyspark\bin\..\jars\failureaccess-1.0.3.jar;C:\Users\nehan\AppData\Local\Programs\Python\Python310\Lib\site-packages\pyspark\bin\..\jars\flatbuffers-java-25.2.10.jar;C:\Users\nehan\AppData\Local\Programs\Python\Python310\Lib\site-packages\pyspark\bin\..\jars\gson-2.13.2.jar;C:\Users\nehan\AppData\Local\Programs\Python\Python310\Lib\site-packages\pyspark\bin\..\jars\guava-33.6.0-jre.jar;C:\Users\nehan\AppData\Local\Programs\Python\Python310\Lib\site-packages\pyspark\bin\..\jars\hadoop-client-api-3.5.0.jar;C:\Users\nehan\AppData\Local\Programs\Python\Python310\Lib\site-packages\pyspark\bin\..\jars\hadoop-client-runtime-3.5.0.jar;C:\Users\nehan\AppData\Local\Programs\Python\Python310\Lib\site-packages\pyspark\bin\..\jars\HikariCP-2.5.1.jar;C:\Users\nehan\AppData\Local\Programs\Python\Python310\Lib\site-packages\pyspark\bin\..\jars\hive-beeline-2.3.10.jar;C:\Users\nehan\AppData\Local\Programs\Python\Python310\Lib\site-packages\pyspark\bin\..\jars\hive-cli-2.3.10.jar;C:\Users\nehan\AppData\Local\Programs\Python\Python310\Lib\site-packages\pyspark\bin\..\jars\hive-common-2.3.10.jar;C:\Users\nehan\AppData\Local\Programs\Python\Python310\Lib\site-packages\pyspark\bin\..\jars\hive-exec-2.3.10-core.jar;C:\Users\nehan\AppData\Local\Programs\Python\Python310\Lib\site-packages\pyspark\bin\..\jars\hive-jdbc-2.3.10.jar;C:\Users\nehan\AppData\Local\Programs\Python\Python310\Lib\site-packages\pyspark\bin\..\jars\hive-metastore-2.3.10.jar;C:\Users\nehan\AppData\Local\Programs\Python\Python310\Lib\site-packages\pyspark\bin\..\jars\hive-serde-2.3.10.jar;C:\Users\nehan\AppData\Local\Programs\Python\Python310\Lib\site-packages\pyspark\bin\..\jars\hive-service-rpc-4.0.0.jar;C:\Users\nehan\AppData\Local\Programs\Python\Python310\Lib\site-packages\pyspark\bin\..\jars\hive-shims-0.23-2.3.10.jar;C:\Users\nehan\AppData\Local\Programs\Python\Python310\Lib\site-packages\pyspark\bin\..\jars\hive-shims-2.3.10.jar;C:\Users\nehan\AppData\Local\Programs\Python\Python310\Lib\site-packages\pyspark\bin\..\jars\hive-shims-common-2.3.10.jar;C:\Users\nehan\AppData\Local\Programs\Python\Python310\Lib\site-packages\pyspark\bin\..\jars\hive-shims-scheduler-2.3.10.jar;C:\Users\nehan\AppData\Local\Programs\Python\Python310\Lib\site-packages\pyspark\bin\..\jars\hive-storage-api-2.8.1.jar;C:\Users\nehan\AppData\Local\Programs\Python\Python310\Lib\site-packages\pyspark\bin\..\jars\hk2-api-3.0.6.jar;C:\Users\nehan\AppData\Local\Programs\Python\Python310\Lib\site-packages\pyspark\bin\..\jars\hk2-locator-3.0.6.jar;C:\Users\nehan\AppData\Local\Programs\Python\Python310\Lib\site-packages\pyspark\bin\..\jars\hk2-utils-3.0.6.jar;C:\Users\nehan\AppData\Local\Programs\Python\Python310\Lib\site-packages\pyspark\bin\..\jars\httpclient-4.5.14.jar;C:\Users\nehan\AppData\Local\Programs\Python\Python310\Lib\site-packages\pyspark\bin\..\jars\httpcore-4.4.16.jar;C:\Users\nehan\AppData\Local\Programs\Python\Python310\Lib\site-packages\pyspark\bin\..\jars\icu4j-78.3.jar;C:\Users\nehan\AppData\Local\Programs\Python\Python310\Lib\site-packages\pyspark\bin\..\jars\istack-commons-runtime-4.1.2.jar;C:\Users\nehan\AppData\Local\Programs\Python\Python310\Lib\site-packages\pyspark\bin\..\jars\ivy-2.5.3.jar;C:\Users\nehan\AppData\Local\Programs\Python\Python310\Lib\site-packages\pyspark\bin\..\jars\jackson-annotations-2.21.jar;C:\Users\nehan\AppData\Local\Programs\Python\Python310\Lib\site-packages\pyspark\bin\..\jars\jackson-core-2.21.2.jar;C:\Users\nehan\AppData\Local\Programs\Python\Python310\Lib\site-packages\pyspark\bin\..\jars\jackson-databind-2.21.2.jar;C:\Users\nehan\AppData\Local\Programs\Python\Python310\Lib\site-packages\pyspark\bin\..\jars\jackson-dataformat-yaml-2.21.2.jar;C:\Users\nehan\AppData\Local\Programs\Python\Python310\Lib\site-packages\pyspark\bin\..\jars\jackson-datatype-jsr310-2.21.2.jar;C:\Users\nehan\AppData\Local\Programs\Python\Python310\Lib\site-packages\pyspark\bin\..\jars\jackson-module-scala_2.13-2.21.2.jar;C:\Users\nehan\AppData\Local\Programs\Python\Python310\Lib\site-packages\pyspark\bin\..\jars\jakarta.activation-api-2.1.4.jar;C:\Users\nehan\AppData\Local\Programs\Python\Python310\Lib\site-packages\pyspark\bin\..\jars\jakarta.annotation-api-2.1.1.jar;C:\Users\nehan\AppData\Local\Programs\Python\Python310\Lib\site-packages\pyspark\bin\..\jars\jakarta.inject-api-2.0.1.jar;C:\Users\nehan\AppData\Local\Programs\Python\Python310\Lib\site-packages\pyspark\bin\..\jars\jakarta.servlet-api-6.0.0.jar;C:\Users\nehan\AppData\Local\Programs\Python\Python310\Lib\site-packages\pyspark\bin\..\jars\jakarta.validation-api-3.0.2.jar;C:\Users\nehan\AppData\Local\Programs\Python\Python310\Lib\site-packages\pyspark\bin\..\jars\jakarta.ws.rs-api-3.1.0.jar;C:\Users\nehan\AppData\Local\Programs\Python\Python310\Lib\site-packages\pyspark\bin\..\jars\jakarta.xml.bind-api-4.0.5.jar;C:\Users\nehan\AppData\Local\Programs\Python\Python310\Lib\site-packages\pyspark\bin\..\jars\janino-3.1.9.jar;C:\Users\nehan\AppData\Local\Programs\Python\Python310\Lib\site-packages\pyspark\bin\..\jars\java-diff-utils-4.16.jar;C:\Users\nehan\AppData\Local\Programs\Python\Python310\Lib\site-packages\pyspark\bin\..\jars\javassist-3.30.2-GA.jar;C:\Users\nehan\AppData\Local\Programs\Python\Python310\Lib\site-packages\pyspark\bin\..\jars\javax.jdo-3.2.0-m3.jar;C:\Users\nehan\AppData\Local\Programs\Python\Python310\Lib\site-packages\pyspark\bin\..\jars\javax.servlet-api-4.0.1.jar;C:\Users\nehan\AppData\Local\Programs\Python\Python310\Lib\site-packages\pyspark\bin\..\jars\javolution-5.5.1.jar;C:\Users\nehan\AppData\Local\Programs\Python\Python310\Lib\site-packages\pyspark\bin\..\jars\jaxb-core-4.0.6.jar;C:\Users\nehan\AppData\Local\Programs\Python\Python310\Lib\site-packages\pyspark\bin\..\jars\jaxb-runtime-4.0.6.jar;C:\Users\nehan\AppData\Local\Programs\Python\Python310\Lib\site-packages\pyspark\bin\..\jars\jcl-over-slf4j-2.0.17.jar;C:\Users\nehan\AppData\Local\Programs\Python\Python310\Lib\site-packages\pyspark\bin\..\jars\jdo-api-3.0.1.jar;C:\Users\nehan\AppData\Local\Programs\Python\Python310\Lib\site-packages\pyspark\bin\..\jars\jersey-client-3.1.11.jar;C:\Users\nehan\AppData\Local\Programs\Python\Python310\Lib\site-packages\pyspark\bin\..\jars\jersey-common-3.1.11.jar;C:\Users\nehan\AppData\Local\Programs\Python\Python310\Lib\site-packages\pyspark\bin\..\jars\jersey-container-servlet-3.1.11.jar;C:\Users\nehan\AppData\Local\Programs\Python\Python310\Lib\site-packages\pyspark\bin\..\jars\jersey-container-servlet-core-3.1.11.jar;C:\Users\nehan\AppData\Local\Programs\Python\Python310\Lib\site-packages\pyspark\bin\..\jars\jersey-hk2-3.1.11.jar;C:\Users\nehan\AppData\Local\Programs\Python\Python310\Lib\site-packages\pyspark\bin\..\jars\jersey-server-3.1.11.jar;C:\Users\nehan\AppData\Local\Programs\Python\Python310\Lib\site-packages\pyspark\bin\..\jars\jjwt-api-0.13.0.jar;C:\Users\nehan\AppData\Local\Programs\Python\Python310\Lib\site-packages\pyspark\bin\..\jars\jjwt-impl-0.13.0.jar;C:\Users\nehan\AppData\Local\Programs\Python\Python310\Lib\site-packages\pyspark\bin\..\jars\jjwt-jackson-0.13.0.jar;C:\Users\nehan\AppData\Local\Programs\Python\Python310\Lib\site-packages\pyspark\bin\..\jars\JLargeArrays-1.5.jar;C:\Users\nehan\AppData\Local\Programs\Python\Python310\Lib\site-packages\pyspark\bin\..\jars\jline-2.14.6.jar;C:\Users\nehan\AppData\Local\Programs\Python\Python310\Lib\site-packages\pyspark\bin\..\jars\jline-3.29.0-jdk8.jar;C:\Users\nehan\AppData\Local\Programs\Python\Python310\Lib\site-packages\pyspark\bin\..\jars\joda-time-2.14.1.jar;C:\Users\nehan\AppData\Local\Programs\Python\Python310\Lib\site-packages\pyspark\bin\..\jars\jpam-1.1.jar;C:\Users\nehan\AppData\Local\Programs\Python\Python310\Lib\site-packages\pyspark\bin\..\jars\json-1.8.jar;C:\Users\nehan\AppData\Local\Programs\Python\Python310\Lib\site-packages\pyspark\bin\..\jars\json4s-ast_2.13-4.0.7.jar;C:\Users\nehan\AppData\Local\Programs\Python\Python310\Lib\site-packages\pyspark\bin\..\jars\json4s-core_2.13-4.0.7.jar;C:\Users\nehan\AppData\Local\Programs\Python\Python310\Lib\site-packages\pyspark\bin\..\jars\json4s-jackson-core_2.13-4.0.7.jar;C:\Users\nehan\AppData\Local\Programs\Python\Python310\Lib\site-packages\pyspark\bin\..\jars\json4s-jackson_2.13-4.0.7.jar;C:\Users\nehan\AppData\Local\Programs\Python\Python310\Lib\site-packages\pyspark\bin\..\jars\json4s-scalap_2.13-4.0.7.jar;C:\Users\nehan\AppData\Local\Programs\Python\Python310\Lib\site-packages\pyspark\bin\..\jars\jsr305-3.0.0.jar;C:\Users\nehan\AppData\Local\Programs\Python\Python310\Lib\site-packages\pyspark\bin\..\jars\jta-1.1.jar;C:\Users\nehan\AppData\Local\Programs\Python\Python310\Lib\site-packages\pyspark\bin\..\jars\JTransforms-3.1.jar;C:\Users\nehan\AppData\Local\Programs\Python\Python310\Lib\site-packages\pyspark\bin\..\jars\jts-core-1.20.0.jar;C:\Users\nehan\AppData\Local\Programs\Python\Python310\Lib\site-packages\pyspark\bin\..\jars\jul-to-slf4j-2.0.17.jar;C:\Users\nehan\AppData\Local\Programs\Python\Python310\Lib\site-packages\pyspark\bin\..\jars\kryo-shaded-4.0.3.jar;C:\Users\nehan\AppData\Local\Programs\Python\Python310\Lib\site-packages\pyspark\bin\..\jars\kubernetes-client-7.6.1.jar;C:\Users\nehan\AppData\Local\Programs\Python\Python310\Lib\site-packages\pyspark\bin\..\jars\kubernetes-client-api-7.6.1.jar;C:\Users\nehan\AppData\Local\Programs\Python\Python310\Lib\site-packages\pyspark\bin\..\jars\kubernetes-httpclient-vertx-7.6.1.jar;C:\Users\nehan\AppData\Local\Programs\Python\Python310\Lib\site-packages\pyspark\bin\..\jars\kubernetes-model-admissionregistration-7.6.1.jar;C:\Users\nehan\AppData\Local\Programs\Python\Python310\Lib\site-packages\pyspark\bin\..\jars\kubernetes-model-apiextensions-7.6.1.jar;C:\Users\nehan\AppData\Local\Programs\Python\Python310\Lib\site-packages\pyspark\bin\..\jars\kubernetes-model-apps-7.6.1.jar;C:\Users\nehan\AppData\Local\Programs\Python\Python310\Lib\site-packages\pyspark\bin\..\jars\kubernetes-model-autoscaling-7.6.1.jar;C:\Users\nehan\AppData\Local\Programs\Python\Python310\Lib\site-packages\pyspark\bin\..\jars\kubernetes-model-batch-7.6.1.jar;C:\Users\nehan\AppData\Local\Programs\Python\Python310\Lib\site-packages\pyspark\bin\..\jars\kubernetes-model-certificates-7.6.1.jar;C:\Users\nehan\AppData\Local\Programs\Python\Python310\Lib\site-packages\pyspark\bin\..\jars\kubernetes-model-common-7.6.1.jar;C:\Users\nehan\AppData\Local\Programs\Python\Python310\Lib\site-packages\pyspark\bin\..\jars\kubernetes-model-coordination-7.6.1.jar;C:\Users\nehan\AppData\Local\Programs\Python\Python310\Lib\site-packages\pyspark\bin\..\jars\kubernetes-model-core-7.6.1.jar;C:\Users\nehan\AppData\Local\Programs\Python\Python310\Lib\site-packages\pyspark\bin\..\jars\kubernetes-model-discovery-7.6.1.jar;C:\Users\nehan\AppData\Local\Programs\Python\Python310\Lib\site-packages\pyspark\bin\..\jars\kubernetes-model-events-7.6.1.jar;C:\Users\nehan\AppData\Local\Programs\Python\Python310\Lib\site-packages\pyspark\bin\..\jars\kubernetes-model-extensions-7.6.1.jar;C:\Users\nehan\AppData\Local\Programs\Python\Python310\Lib\site-packages\pyspark\bin\..\jars\kubernetes-model-flowcontrol-7.6.1.jar;C:\Users\nehan\AppData\Local\Programs\Python\Python310\Lib\site-packages\pyspark\bin\..\jars\kubernetes-model-gatewayapi-7.6.1.jar;C:\Users\nehan\AppData\Local\Programs\Python\Python310\Lib\site-packages\pyspark\bin\..\jars\kubernetes-model-metrics-7.6.1.jar;C:\Users\nehan\AppData\Local\Programs\Python\Python310\Lib\site-packages\pyspark\bin\..\jars\kubernetes-model-networking-7.6.1.jar;C:\Users\nehan\AppData\Local\Programs\Python\Python310\Lib\site-packages\pyspark\bin\..\jars\kubernetes-model-node-7.6.1.jar;C:\Users\nehan\AppData\Local\Programs\Python\Python310\Lib\site-packages\pyspark\bin\..\jars\kubernetes-model-policy-7.6.1.jar;C:\Users\nehan\AppData\Local\Programs\Python\Python310\Lib\site-packages\pyspark\bin\..\jars\kubernetes-model-rbac-7.6.1.jar;C:\Users\nehan\AppData\Local\Programs\Python\Python310\Lib\site-packages\pyspark\bin\..\jars\kubernetes-model-resource-7.6.1.jar;C:\Users\nehan\AppData\Local\Programs\Python\Python310\Lib\site-packages\pyspark\bin\..\jars\kubernetes-model-scheduling-7.6.1.jar;C:\Users\nehan\AppData\Local\Programs\Python\Python310\Lib\site-packages\pyspark\bin\..\jars\kubernetes-model-storageclass-7.6.1.jar;C:\Users\nehan\AppData\Local\Programs\Python\Python310\Lib\site-packages\pyspark\bin\..\jars\lapack-3.2.0.jar;C:\Users\nehan\AppData\Local\Programs\Python\Python310\Lib\site-packages\pyspark\bin\..\jars\leveldbjni-all-1.8.jar;C:\Users\nehan\AppData\Local\Programs\Python\Python310\Lib\site-packages\pyspark\bin\..\jars\libfb303-0.9.3.jar;C:\Users\nehan\AppData\Local\Programs\Python\Python310\Lib\site-packages\pyspark\bin\..\jars\libthrift-0.16.0.jar;C:\Users\nehan\AppData\Local\Programs\Python\Python310\Lib\site-packages\pyspark\bin\..\jars\log4j-1.2-api-2.25.4.jar;C:\Users\nehan\AppData\Local\Programs\Python\Python310\Lib\site-packages\pyspark\bin\..\jars\log4j-api-2.25.4.jar;C:\Users\nehan\AppData\Local\Programs\Python\Python310\Lib\site-packages\pyspark\bin\..\jars\log4j-core-2.25.4.jar;C:\Users\nehan\AppData\Local\Programs\Python\Python310\Lib\site-packages\pyspark\bin\..\jars\log4j-layout-template-json-2.25.4.jar;C:\Users\nehan\AppData\Local\Programs\Python\Python310\Lib\site-packages\pyspark\bin\..\jars\log4j-slf4j2-impl-2.25.4.jar;C:\Users\nehan\AppData\Local\Programs\Python\Python310\Lib\site-packages\pyspark\bin\..\jars\lz4-java-1.11.0.jar;C:\Users\nehan\AppData\Local\Programs\Python\Python310\Lib\site-packages\pyspark\bin\..\jars\metrics-core-4.2.37.jar;C:\Users\nehan\AppData\Local\Programs\Python\Python310\Lib\site-packages\pyspark\bin\..\jars\metrics-graphite-4.2.37.jar;C:\Users\nehan\AppData\Local\Programs\Python\Python310\Lib\site-packages\pyspark\bin\..\jars\metrics-jmx-4.2.37.jar;C:\Users\nehan\AppData\Local\Programs\Python\Python310\Lib\site-packages\pyspark\bin\..\jars\metrics-json-4.2.37.jar;C:\Users\nehan\AppData\Local\Programs\Python\Python310\Lib\site-packages\pyspark\bin\..\jars\metrics-jvm-4.2.37.jar;C:\Users\nehan\AppData\Local\Programs\Python\Python310\Lib\site-packages\pyspark\bin\..\jars\minlog-1.3.0.jar;C:\Users\nehan\AppData\Local\Programs\Python\Python310\Lib\site-packages\pyspark\bin\..\jars\netty-all-4.2.13.Final.jar;C:\Users\nehan\AppData\Local\Programs\Python\Python310\Lib\site-packages\pyspark\bin\..\jars\netty-buffer-4.2.13.Final.jar;C:\Users\nehan\AppData\Local\Programs\Python\Python310\Lib\site-packages\pyspark\bin\..\jars\netty-codec-4.2.13.Final.jar;C:\Users\nehan\AppData\Local\Programs\Python\Python310\Lib\site-packages\pyspark\bin\..\jars\netty-codec-base-4.2.13.Final.jar;C:\Users\nehan\AppData\Local\Programs\Python\Python310\Lib\site-packages\pyspark\bin\..\jars\netty-codec-compression-4.2.13.Final.jar;C:\Users\nehan\AppData\Local\Programs\Python\Python310\Lib\site-packages\pyspark\bin\..\jars\netty-codec-dns-4.2.13.Final.jar;C:\Users\nehan\AppData\Local\Programs\Python\Python310\Lib\site-packages\pyspark\bin\..\jars\netty-codec-http-4.2.13.Final.jar;C:\Users\nehan\AppData\Local\Programs\Python\Python310\Lib\site-packages\pyspark\bin\..\jars\netty-codec-http2-4.2.13.Final.jar;C:\Users\nehan\AppData\Local\Programs\Python\Python310\Lib\site-packages\pyspark\bin\..\jars\netty-codec-socks-4.2.13.Final.jar;C:\Users\nehan\AppData\Local\Programs\Python\Python310\Lib\site-packages\pyspark\bin\..\jars\netty-common-4.2.13.Final.jar;C:\Users\nehan\AppData\Local\Programs\Python\Python310\Lib\site-packages\pyspark\bin\..\jars\netty-handler-4.2.13.Final.jar;C:\Users\nehan\AppData\Local\Programs\Python\Python310\Lib\site-packages\pyspark\bin\..\jars\netty-handler-proxy-4.2.13.Final.jar;C:\Users\nehan\AppData\Local\Programs\Python\Python310\Lib\site-packages\pyspark\bin\..\jars\netty-resolver-4.2.13.Final.jar;C:\Users\nehan\AppData\Local\Programs\Python\Python310\Lib\site-packages\pyspark\bin\..\jars\netty-resolver-dns-4.2.13.Final.jar;C:\Users\nehan\AppData\Local\Programs\Python\Python310\Lib\site-packages\pyspark\bin\..\jars\netty-tcnative-boringssl-static-2.0.76.Final-linux-aarch_64.jar;C:\Users\nehan\AppData\Local\Programs\Python\Python310\Lib\site-packages\pyspark\bin\..\jars\netty-tcnative-boringssl-static-2.0.76.Final-linux-x86_64.jar;C:\Users\nehan\AppData\Local\Programs\Python\Python310\Lib\site-packages\pyspark\bin\..\jars\netty-tcnative-boringssl-static-2.0.76.Final-osx-aarch_64.jar;C:\Users\nehan\AppData\Local\Programs\Python\Python310\Lib\site-packages\pyspark\bin\..\jars\netty-tcnative-boringssl-static-2.0.76.Final-osx-x86_64.jar;C:\Users\nehan\AppData\Local\Programs\Python\Python310\Lib\site-packages\pyspark\bin\..\jars\netty-tcnative-boringssl-static-2.0.76.Final-windows-x86_64.jar;C:\Users\nehan\AppData\Local\Programs\Python\Python310\Lib\site-packages\pyspark\bin\..\jars\netty-tcnative-classes-2.0.76.Final.jar;C:\Users\nehan\AppData\Local\Programs\Python\Python310\Lib\site-packages\pyspark\bin\..\jars\netty-transport-4.2.13.Final.jar;C:\Users\nehan\AppData\Local\Programs\Python\Python310\Lib\site-packages\pyspark\bin\..\jars\netty-transport-classes-epoll-4.2.13.Final.jar;C:\Users\nehan\AppData\Local\Programs\Python\Python310\Lib\site-packages\pyspark\bin\..\jars\netty-transport-classes-kqueue-4.2.13.Final.jar;C:\Users\nehan\AppData\Local\Programs\Python\Python310\Lib\site-packages\pyspark\bin\..\jars\netty-transport-native-epoll-4.2.13.Final-linux-aarch_64.jar;C:\Users\nehan\AppData\Local\Programs\Python\Python310\Lib\site-packages\pyspark\bin\..\jars\netty-transport-native-epoll-4.2.13.Final-linux-riscv64.jar;C:\Users\nehan\AppData\Local\Programs\Python\Python310\Lib\site-packages\pyspark\bin\..\jars\netty-transport-native-epoll-4.2.13.Final-linux-x86_64.jar;C:\Users\nehan\AppData\Local\Programs\Python\Python310\Lib\site-packages\pyspark\bin\..\jars\netty-transport-native-kqueue-4.2.13.Final-osx-aarch_64.jar;C:\Users\nehan\AppData\Local\Programs\Python\Python310\Lib\site-packages\pyspark\bin\..\jars\netty-transport-native-kqueue-4.2.13.Final-osx-x86_64.jar;C:\Users\nehan\AppData\Local\Programs\Python\Python310\Lib\site-packages\pyspark\bin\..\jars\netty-transport-native-unix-common-4.2.13.Final.jar;C:\Users\nehan\AppData\Local\Programs\Python\Python310\Lib\site-packages\pyspark\bin\..\jars\objenesis-3.5.jar;C:\Users\nehan\AppData\Local\Programs\Python\Python310\Lib\site-packages\pyspark\bin\..\jars\opencsv-2.3.jar;C:\Users\nehan\AppData\Local\Programs\Python\Python310\Lib\site-packages\pyspark\bin\..\jars\orc-core-2.3.0-shaded-protobuf.jar;C:\Users\nehan\AppData\Local\Programs\Python\Python310\Lib\site-packages\pyspark\bin\..\jars\orc-format-1.1.1-shaded-protobuf.jar;C:\Users\nehan\AppData\Local\Programs\Python\Python310\Lib\site-packages\pyspark\bin\..\jars\orc-mapreduce-2.3.0-shaded-protobuf.jar;C:\Users\nehan\AppData\Local\Programs\Python\Python310\Lib\site-packages\pyspark\bin\..\jars\orc-shims-2.3.0.jar;C:\Users\nehan\AppData\Local\Programs\Python\Python310\Lib\site-packages\pyspark\bin\..\jars\oro-2.0.8.jar;C:\Users\nehan\AppData\Local\Programs\Python\Python310\Lib\site-packages\pyspark\bin\..\jars\osgi-resource-locator-1.0.3.jar;C:\Users\nehan\AppData\Local\Programs\Python\Python310\Lib\site-packages\pyspark\bin\..\jars\paranamer-2.8.3.jar;C:\Users\nehan\AppData\Local\Programs\Python\Python310\Lib\site-packages\pyspark\bin\..\jars\parquet-column-1.17.0.jar;C:\Users\nehan\AppData\Local\Programs\Python\Python310\Lib\site-packages\pyspark\bin\..\jars\parquet-common-1.17.0.jar;C:\Users\nehan\AppData\Local\Programs\Python\Python310\Lib\site-packages\pyspark\bin\..\jars\parquet-encoding-1.17.0.jar;C:\Users\nehan\AppData\Local\Programs\Python\Python310\Lib\site-packages\pyspark\bin\..\jars\parquet-format-structures-1.17.0.jar;C:\Users\nehan\AppData\Local\Programs\Python\Python310\Lib\site-packages\pyspark\bin\..\jars\parquet-hadoop-1.17.0.jar;C:\Users\nehan\AppData\Local\Programs\Python\Python310\Lib\site-packages\pyspark\bin\..\jars\parquet-jackson-1.17.0.jar;C:\Users\nehan\AppData\Local\Programs\Python\Python310\Lib\site-packages\pyspark\bin\..\jars\pickle-1.5.jar;C:\Users\nehan\AppData\Local\Programs\Python\Python310\Lib\site-packages\pyspark\bin\..\jars\py4j-0.10.9.9.jar;C:\Users\nehan\AppData\Local\Programs\Python\Python310\Lib\site-packages\pyspark\bin\..\jars\RoaringBitmap-1.6.10.jar;C:\Users\nehan\AppData\Local\Programs\Python\Python310\Lib\site-packages\pyspark\bin\..\jars\rocksdbjni-9.8.4.jar;C:\Users\nehan\AppData\Local\Programs\Python\Python310\Lib\site-packages\pyspark\bin\..\jars\scala-compiler-2.13.18.jar;C:\Users\nehan\AppData\Local\Programs\Python\Python310\Lib\site-packages\pyspark\bin\..\jars\scala-library-2.13.18.jar;C:\Users\nehan\AppData\Local\Programs\Python\Python310\Lib\site-packages\pyspark\bin\..\jars\scala-parallel-collections_2.13-1.2.0.jar;C:\Users\nehan\AppData\Local\Programs\Python\Python310\Lib\site-packages\pyspark\bin\..\jars\scala-parser-combinators_2.13-2.4.0.jar;C:\Users\nehan\AppData\Local\Programs\Python\Python310\Lib\site-packages\pyspark\bin\..\jars\scala-reflect-2.13.18.jar;C:\Users\nehan\AppData\Local\Programs\Python\Python310\Lib\site-packages\pyspark\bin\..\jars\scala-xml_2.13-2.4.0.jar;C:\Users\nehan\AppData\Local\Programs\Python\Python310\Lib\site-packages\pyspark\bin\..\jars\slf4j-api-2.0.17.jar;C:\Users\nehan\AppData\Local\Programs\Python\Python310\Lib\site-packages\pyspark\bin\..\jars\snakeyaml-2.5.jar;C:\Users\nehan\AppData\Local\Programs\Python\Python310\Lib\site-packages\pyspark\bin\..\jars\snakeyaml-engine-3.0.1.jar;C:\Users\nehan\AppData\Local\Programs\Python\Python310\Lib\site-packages\pyspark\bin\..\jars\snappy-java-1.1.10.8.jar;C:\Users\nehan\AppData\Local\Programs\Python\Python310\Lib\site-packages\pyspark\bin\..\jars\spark-catalyst_2.13-4.2.0.jar;C:\Users\nehan\AppData\Local\Programs\Python\Python310\Lib\site-packages\pyspark\bin\..\jars\spark-common-utils-java_2.13-4.2.0.jar;C:\Users\nehan\AppData\Local\Programs\Python\Python310\Lib\site-packages\pyspark\bin\..\jars\spark-common-utils_2.13-4.2.0.jar;C:\Users\nehan\AppData\Local\Programs\Python\Python310\Lib\site-packages\pyspark\bin\..\jars\spark-connect_2.13-4.2.0.jar;C:\Users\nehan\AppData\Local\Programs\Python\Python310\Lib\site-packages\pyspark\bin\..\jars\spark-core_2.13-4.2.0.jar;C:\Users\nehan\AppData\Local\Programs\Python\Python310\Lib\site-packages\pyspark\bin\..\jars\spark-graphx_2.13-4.2.0.jar;C:\Users\nehan\AppData\Local\Programs\Python\Python310\Lib\site-packages\pyspark\bin\..\jars\spark-hive-thriftserver_2.13-4.2.0.jar;C:\Users\nehan\AppData\Local\Programs\Python\Python310\Lib\site-packages\pyspark\bin\..\jars\spark-hive_2.13-4.2.0.jar;C:\Users\nehan\AppData\Local\Programs\Python\Python310\Lib\site-packages\pyspark\bin\..\jars\spark-kubernetes_2.13-4.2.0.jar;C:\Users\nehan\AppData\Local\Programs\Python\Python310\Lib\site-packages\pyspark\bin\..\jars\spark-kvstore_2.13-4.2.0.jar;C:\Users\nehan\AppData\Local\Programs\Python\Python310\Lib\site-packages\pyspark\bin\..\jars\spark-launcher_2.13-4.2.0.jar;C:\Users\nehan\AppData\Local\Programs\Python\Python310\Lib\site-packages\pyspark\bin\..\jars\spark-mllib-local_2.13-4.2.0.jar;C:\Users\nehan\AppData\Local\Programs\Python\Python310\Lib\site-packages\pyspark\bin\..\jars\spark-mllib_2.13-4.2.0.jar;C:\Users\nehan\AppData\Local\Programs\Python\Python310\Lib\site-packages\pyspark\bin\..\jars\spark-network-common_2.13-4.2.0.jar;C:\Users\nehan\AppData\Local\Programs\Python\Python310\Lib\site-packages\pyspark\bin\..\jars\spark-network-shuffle_2.13-4.2.0.jar;C:\Users\nehan\AppData\Local\Programs\Python\Python310\Lib\site-packages\pyspark\bin\..\jars\spark-pipelines_2.13-4.2.0.jar;C:\Users\nehan\AppData\Local\Programs\Python\Python310\Lib\site-packages\pyspark\bin\..\jars\spark-repl_2.13-4.2.0.jar;C:\Users\nehan\AppData\Local\Programs\Python\Python310\Lib\site-packages\pyspark\bin\..\jars\spark-sketch_2.13-4.2.0.jar;C:\Users\nehan\AppData\Local\Programs\Python\Python310\Lib\site-packages\pyspark\bin\..\jars\spark-sql-api_2.13-4.2.0.jar;C:\Users\nehan\AppData\Local\Programs\Python\Python310\Lib\site-packages\pyspark\bin\..\jars\spark-sql_2.13-4.2.0.jar;C:\Users\nehan\AppData\Local\Programs\Python\Python310\Lib\site-packages\pyspark\bin\..\jars\spark-streaming_2.13-4.2.0.jar;C:\Users\nehan\AppData\Local\Programs\Python\Python310\Lib\site-packages\pyspark\bin\..\jars\spark-tags_2.13-4.2.0.jar;C:\Users\nehan\AppData\Local\Programs\Python\Python310\Lib\site-packages\pyspark\bin\..\jars\spark-unsafe_2.13-4.2.0.jar;C:\Users\nehan\AppData\Local\Programs\Python\Python310\Lib\site-packages\pyspark\bin\..\jars\spark-variant_2.13-4.2.0.jar;C:\Users\nehan\AppData\Local\Programs\Python\Python310\Lib\site-packages\pyspark\bin\..\jars\spark-yarn_2.13-4.2.0.jar;C:\Users\nehan\AppData\Local\Programs\Python\Python310\Lib\site-packages\pyspark\bin\..\jars\spire-macros_2.13-0.18.0.jar;C:\Users\nehan\AppData\Local\Programs\Python\Python310\Lib\site-packages\pyspark\bin\..\jars\spire-platform_2.13-0.18.0.jar;C:\Users\nehan\AppData\Local\Programs\Python\Python310\Lib\site-packages\pyspark\bin\..\jars\spire-util_2.13-0.18.0.jar;C:\Users\nehan\AppData\Local\Programs\Python\Python310\Lib\site-packages\pyspark\bin\..\jars\spire_2.13-0.18.0.jar;C:\Users\nehan\AppData\Local\Programs\Python\Python310\Lib\site-packages\pyspark\bin\..\jars\ST4-4.0.4.jar;C:\Users\nehan\AppData\Local\Programs\Python\Python310\Lib\site-packages\pyspark\bin\..\jars\stax-api-1.0.1.jar;C:\Users\nehan\AppData\Local\Programs\Python\Python310\Lib\site-packages\pyspark\bin\..\jars\stream-2.9.8.jar;C:\Users\nehan\AppData\Local\Programs\Python\Python310\Lib\site-packages\pyspark\bin\..\jars\super-csv-2.2.0.jar;C:\Users\nehan\AppData\Local\Programs\Python\Python310\Lib\site-packages\pyspark\bin\..\jars\threeten-extra-1.8.0.jar;C:\Users\nehan\AppData\Local\Programs\Python\Python310\Lib\site-packages\pyspark\bin\..\jars\tink-1.20.0.jar;C:\Users\nehan\AppData\Local\Programs\Python\Python310\Lib\site-packages\pyspark\bin\..\jars\transaction-api-1.1.jar;C:\Users\nehan\AppData\Local\Programs\Python\Python310\Lib\site-packages\pyspark\bin\..\jars\univocity-parsers-2.9.1.jar;C:\Users\nehan\AppData\Local\Programs\Python\Python310\Lib\site-packages\pyspark\bin\..\jars\vertx-auth-common-4.5.26.jar;C:\Users\nehan\AppData\Local\Programs\Python\Python310\Lib\site-packages\pyspark\bin\..\jars\vertx-core-4.5.26.jar;C:\Users\nehan\AppData\Local\Programs\Python\Python310\Lib\site-packages\pyspark\bin\..\jars\vertx-uri-template-4.5.26.jar;C:\Users\nehan\AppData\Local\Programs\Python\Python310\Lib\site-packages\pyspark\bin\..\jars\vertx-web-client-4.5.26.jar;C:\Users\nehan\AppData\Local\Programs\Python\Python310\Lib\site-packages\pyspark\bin\..\jars\vertx-web-common-4.5.26.jar;C:\Users\nehan\AppData\Local\Programs\Python\Python310\Lib\site-packages\pyspark\bin\..\jars\volcano-client-7.6.1.jar;C:\Users\nehan\AppData\Local\Programs\Python\Python310\Lib\site-packages\pyspark\bin\..\jars\volcano-model-7.6.1.jar;C:\Users\nehan\AppData\Local\Programs\Python\Python310\Lib\site-packages\pyspark\bin\..\jars\xbean-asm9-shaded-4.30.jar;C:\Users\nehan\AppData\Local\Programs\Python\Python310\Lib\site-packages\pyspark\bin\..\jars\xmlschema-core-2.3.1.jar;C:\Users\nehan\AppData\Local\Programs\Python\Python310\Lib\site-packages\pyspark\bin\..\jars\xz-1.12.jar;C:\Users\nehan\AppData\Local\Programs\Python\Python310\Lib\site-packages\pyspark\bin\..\jars\zjsonpatch-7.6.1.jar;C:\Users\nehan\AppData\Local\Programs\Python\Python310\Lib\site-packages\pyspark\bin\..\jars\zookeeper-3.9.5.jar;C:\Users\nehan\AppData\Local\Programs\Python\Python310\Lib\site-packages\pyspark\bin\..\jars\zookeeper-jute-3.9.5.jar;C:\Users\nehan\AppData\Local\Programs\Python\Python310\Lib\site-packages\pyspark\bin\..\jars\zstd-jni-1.5.7-7.jar
Launcher Type: SUN_STANDARD

[Global flags]
     intx CICompilerCount                          = 4                                         {product} {ergonomic}
     uint ConcGCThreads                            = 2                                         {product} {ergonomic}
     uint G1ConcRefinementThreads                  = 8                                         {product} {ergonomic}
   size_t G1HeapRegionSize                         = 1048576                                   {product} {ergonomic}
     bool IgnoreUnrecognizedVMOptions              = true                                      {product} {command line}
   size_t InitialHeapSize                          = 130023424                                 {product} {ergonomic}
   size_t MarkStackSize                            = 4194304                                   {product} {ergonomic}
   size_t MarkStackSizeMax                         = 536870912                                 {product} {ergonomic}
   size_t MaxHeapSize                              = 1073741824                                {product} {command line}
   size_t MaxNewSize                               = 643825664                                 {product} {ergonomic}
   size_t MinHeapDeltaBytes                        = 1048576                                   {product} {ergonomic}
   size_t MinHeapSize                              = 8388608                                   {product} {ergonomic}
    uintx NonNMethodCodeHeapSize                   = 5832704                                {pd product} {ergonomic}
    uintx NonProfiledCodeHeapSize                  = 122945536                              {pd product} {ergonomic}
    uintx ProfiledCodeHeapSize                     = 122880000                              {pd product} {ergonomic}
    uintx ReservedCodeCacheSize                    = 251658240                              {pd product} {ergonomic}
     bool SegmentedCodeCache                       = true                                      {product} {ergonomic}
   size_t SoftMaxHeapSize                          = 1073741824                             {manageable} {ergonomic}
     bool UseCompressedOops                        = true                           {product lp64_product} {ergonomic}
     bool UseG1GC                                  = true                                      {product} {ergonomic}
     bool UseLargePagesIndividualAllocation        = false                                  {pd product} {ergonomic}

Logging:
Log output configuration:
 #0: stdout all=warning uptime,level,tags foldmultilines=false
 #1: stderr all=off uptime,level,tags foldmultilines=false

Release file:
IMPLEMENTOR="Oracle Corporation" 
JAVA_RUNTIME_VERSION="25.0.1+8-LTS-27" 
JAVA_VERSION="25.0.1" 
JAVA_VERSION_DATE="2025-10-21" 
LIBC="default" 
MODULES="java.base java.compiler java.datatransfer java.xml java.prefs java.desktop java.instrument java.logging java.management java.security.sasl java.naming java.rmi java.management.rmi java.net.http java.scripting java.security.jgss java.transaction.xa java.sql java.sql.rowset java.xml.crypto java.se java.smartcardio jdk.accessibility jdk.internal.jvmstat jdk.attach jdk.charsets jdk.internal.opt jdk.zipfs jdk.compiler jdk.crypto.cryptoki jdk.crypto.ec jdk.crypto.mscapi jdk.dynalink jdk.internal.ed jdk.editpad jdk.internal.vm.ci jdk.graal.compiler jdk.graal.compiler.management jdk.hotspot.agent jdk.httpserver jdk.incubator.vector jdk.internal.le jdk.internal.md jdk.jartool jdk.javadoc jdk.jcmd jdk.management jdk.management.agent jdk.jconsole jdk.jdeps jdk.jdwp.agent jdk.jdi jdk.jfr jdk.jlink jdk.jpackage jdk.jshell jdk.jsobject jdk.jstatd jdk.localedata jdk.management.jfr jdk.naming.dns jdk.naming.rmi jdk.net jdk.nio.mapmode jdk.sctp jdk.security.auth jdk.security.jgss jdk.unsupported jdk.unsupported.desktop jdk.xml.dom" 
OS_ARCH="x86_64" 
OS_NAME="Windows" 
SOURCE=".:git:862c85bc42b7 open:git:78770bfaefd2" 

Environment Variables:
JAVA_HOME=C:\Program Files\Java\jdk-25
PATH=C:\Users\nehan\miniconda3\condabin;c:\Users\nehan\AppData\Roaming\Code\User\globalStorage\github.copilot-chat\debugCommand;c:\Users\nehan\AppData\Roaming\Code\User\globalStorage\github.copilot-chat\copilotCli;C:\Program Files (x86)\VMware\VMware Workstation\bin\;C:\Program Files\Common Files\Oracle\Java\javapath;C:\WINDOWS\system32;C:\WINDOWS;C:\WINDOWS\System32\Wbem;C:\WINDOWS\System32\WindowsPowerShell\v1.0\;C:\WINDOWS\System32\OpenSSH\;C:\Program Files\dotnet\;C:\Program Files (x86)\Microsoft SQL Server\160\Tools\Binn\;C:\Program Files\Microsoft SQL Server\160\Tools\Binn\;C:\Program Files\Microsoft SQL Server\Client SDK\ODBC\170\Tools\Binn\;C:\Program Files\Microsoft SQL Server\160\DTS\Binn\;C:\MinGW\bin;C:\Users\nehan\flutter;C:\Program Files\Java\jdk-22\bin;C:\Program Files\nodejs\;C:\Program Files\Git\cmd;C:\Program Files\MongoDB\Server\7.0\bin;C:\Users\nehan\AppData\Local\Programs\Python\Python310\;C:\Users\nehan\AppData\Local\Programs\Python\Python310\Scripts\;C:\Users\nehan\AppData\Local\Programs\Python\Python311\Scripts\;C:\Users\nehan\AppData\Local\Programs\Python\Python311\;C:\Users\nehan\AppData\Local\Programs\Python\Python313\;C:\Users\nehan\AppData\Local\Programs\Python\Python313\Scripts\;c:\users\nehan\appdata\local\programs\python\python311\lib\site-packages;C:\ProgramData\chocolatey\bin;C:\ffmpeg\ffmpeg-2025-03-13-git-958c46800e-full_build\bin;C:\Program Files\PostgreSQL\17\bin;C:\Program Files\OpenSSL-Win64\bin;C:\Users\nehan\Miniconda3;C:\Users\nehan\Miniconda3\Scripts;C:\Users\nehan\Miniconda3\Library\bin;C:\Users\nehan\AppData\Local\Programs\ollama;C:\Program Files\MySQL\MySQL Server 8.0\bin;C:\Program Files (x86)\Microsoft Visual Studio\2022\BuildTools\VC\Tools\MSVC\14.44.35207\bin\Hostx64\x64;;C:\minikube;C:\Program Files\Kubernetes\Minikube;C:\Users\nehan\AppData\Local\Programs\Python\Python310\Scripts\;C:\Users\nehan\AppData\Local\Programs\Python\Python310\;C:\Program Files\MySQL\MySQL Shell 8.0\bin\;C:\Users\nehan\AppData\Local\Programs\Python\Python311\;C:\Users\nehan\AppData\Local\Programs\Python\Python311\Scripts\;C:\Users\nehan\AppData\Local\Programs\Python\Python313\Scripts\;C:\Users\nehan\AppData\Local\Programs\Python\Python313\;C:\Users\nehan\AppData\Local\Microsoft\WindowsApps;C:\Users\nehan\AppData\Local\Microsoft\WindowsApps;C:\Users\nehan\AppData\Local\Programs\Microsoft VS Code\bin;C:\Users\nehan\flutter\flutter\bin;C:\Users\nehan\AppData\Roaming\npm;C:\Users\nehan\AppData\Local\Programs\Ollama;C:\Program Files (x86)\Microsoft Visual Studio\2022\BuildTools\VC\Tools\MSVC\14.44.35207\bin\Hostx64\x64;c:\Users\nehan\.vscode\extensions\ms-python.debugpy-2026.6.0-win32-x64\bundled\scripts\noConfigScripts
USERNAME=nehan
LANG=en_US.UTF-8
OS=Windows_NT
PROCESSOR_IDENTIFIER=Intel64 Family 6 Model 140 Stepping 1, GenuineIntel
TMP=C:\Users\nehan\AppData\Local\Temp
TEMP=C:\Users\nehan\AppData\Local\Temp




Compilation memory statistics disabled.

Periodic native trim disabled

---------------  S Y S T E M  ---------------

OS:
 Windows 11 , 64 bit Build 26100 (10.0.26100.9168)
OS uptime: 6 days 15:55 hours
Hyper-V role detected

CPU: total 8 (initial active 8) (4 cores per cpu, 2 threads per core) family 6 model 140 stepping 1 microcode 0xbe, cx8, cmov, fxsr, ht, mmx, 3dnowpref, sse, sse2, sse3, ssse3, sse4.1, sse4.2, popcnt, lzcnt, tsc, tscinvbit, avx, avx2, aes, erms, clmul, bmi1, bmi2, adx, avx512f, avx512dq, avx512cd, avx512bw, avx512vl, sha, fma, vzeroupper, avx512_vpopcntdq, avx512_vpclmulqdq, avx512_vaes, avx512_vnni, clflush, clflushopt, clwb, avx512_vbmi2, avx512_vbmi, hv, rdtscp, rdpid, fsrm, gfni, avx512_bitalg, f16c, cet_ibt, cet_ss, avx512_ifma
Processor Information for the first 8 processors :
  Max Mhz: 2419, Current Mhz: 2419, Mhz Limit: 2419

Memory: 4k page, system-wide physical 7914M (150M free)
TotalPageFile size 32490M (AvailPageFile size 2M)
current process WorkingSet (physical memory assigned to process): 1008M, peak: 1008M
current process commit charge ("private bytes"): 1318M, peak: 1321M

vm_info: Java HotSpot(TM) 64-Bit Server VM (25.0.1+8-LTS-27) for windows-amd64 JRE (25.0.1+8-LTS-27), built on 2025-09-25T16:41:16Z with unknown MS VC++:1943

END.
